chapter,section_number,section_name,chapter_title,youtube_title,title_length,video_filename,video_path,video_size_mb,category_id,privacy_status,tags,description
1,1,Overview,Overview of Obstetrics,Williams Obstetrics (26e) | Ch 01: Overview of Obstetrics (Read-Along Audiobook),80,Chapter_01_Overview_of_Obstetrics.mp4,/Volumes/Kingston/Gynae/videos/Chapter_01_Overview_of_Obstetrics.mp4,36.33,27,public,"Williams Obstetrics, Williams Obstetrics 26th edition, Chapter 1 Overview of Obstetrics, Obstetrics, Gynecology, OBGYN, Medical Audiobook, Read Along Medical Video, USMLE Step 2 CK, USMLE Step 3, MRCOG, ABOG, Maternal Fetal Medicine, High Risk Pregnancy, Overview","Williams Obstetrics, 26th Edition
Section 1: Overview
Chapter 01: Overview of Obstetrics

🎧 Complete 1080p Read-Along Video with synchronized sentence-level subtitles and neural audio narration.
📚 Medical Textbook: Williams Obstetrics (26th Edition, McGraw-Hill)

📌 Williams Obstetrics 26e Full Playlist:
https://www.youtube.com/playlist?list=PL_WILLIAMS_OBSTETRICS_26E

━━━━━━━━━━━━━━━━━━━━━━━━━━━━━━━━━━━━━
⏱️ CHAPTER TIMESTAMPS
00:00 - Chapter 01: Overview of Obstetrics

━━━━━━━━━━━━━━━━━━━━━━━━━━━━━━━━━━━━━
⚕️ CLINICAL & EDUCATIONAL DISCLAIMER
This video and audio narration is intended strictly for medical students, obstetrical residents, physicians, midwives, and healthcare professionals preparing for board examinations (USMLE Step 2 CK, Step 3, MRCOG, Royal College, ABOG, and specialty licensing). Medicine and pharmacology are constantly evolving fields. Clinicians must always verify diagnostic protocols, drug dosages, and contraindications against primary sources and institutional guidelines."
2,2,Maternal Anatomy and Physiology,Maternal Anatomy,Williams Obstetrics (26e) | Ch 02: Maternal Anatomy (Read-Along Audiobook),74,Chapter_02_Maternal_Anatomy.mp4,/Volumes/Kingston/Gynae/videos/Chapter_02_Maternal_Anatomy.mp4,85.67,27,public,"Williams Obstetrics, Williams Obstetrics 26th edition, Chapter 2 Maternal Anatomy, Obstetrics, Gynecology, OBGYN, Medical Audiobook, Read Along Medical Video, USMLE Step 2 CK, USMLE Step 3, MRCOG, ABOG, Maternal Fetal Medicine, High Risk Pregnancy, Maternal Anatomy and Physiology","Williams Obstetrics, 26th Edition
Section 2: Maternal Anatomy and Physiology
Chapter 02: Maternal Anatomy

🎧 Complete 1080p Read-Along Video with synchronized sentence-level subtitles and neural audio narration.
📚 Medical Textbook: Williams Obstetrics (26th Edition, McGraw-Hill)

📌 Williams Obstetrics 26e Full Playlist:
https://www.youtube.com/playlist?list=PL_WILLIAMS_OBSTETRICS_26E

━━━━━━━━━━━━━━━━━━━━━━━━━━━━━━━━━━━━━
⏱️ CHAPTER TIMESTAMPS
00:00 - Chapter 02: Maternal Anatomy

━━━━━━━━━━━━━━━━━━━━━━━━━━━━━━━━━━━━━
⚕️ CLINICAL & EDUCATIONAL DISCLAIMER
This video and audio narration is intended strictly for medical students, obstetrical residents, physicians, midwives, and healthcare professionals preparing for board examinations (USMLE Step 2 CK, Step 3, MRCOG, Royal College, ABOG, and specialty licensing). Medicine and pharmacology are constantly evolving fields. Clinicians must always verify diagnostic protocols, drug dosages, and contraindications against primary sources and institutional guidelines."
3,2,Maternal Anatomy and Physiology,Congenital Genitourinary Abnormalities,Williams Obstetrics (26e) | Ch 03: Congenital Genitourinary Abnormalities (Read-Along Audiobook),96,Chapter_03_Congenital_Genitourinary_Abnormalities.mp4,/Volumes/Kingston/Gynae/videos/Chapter_03_Congenital_Genitourinary_Abnormalities.mp4,95.43,27,public,"Williams Obstetrics, Williams Obstetrics 26th edition, Chapter 3 Congenital Genitourinary Abnormalities, Obstetrics, Gynecology, OBGYN, Medical Audiobook, Read Along Medical Video, USMLE Step 2 CK, USMLE Step 3, MRCOG, ABOG, Maternal Fetal Medicine, High Risk Pregnancy, Maternal Anatomy and Physiology","Williams Obstetrics, 26th Edition
Section 2: Maternal Anatomy and Physiology
Chapter 03: Congenital Genitourinary Abnormalities

🎧 Complete 1080p Read-Along Video with synchronized sentence-level subtitles and neural audio narration.
📚 Medical Textbook: Williams Obstetrics (26th Edition, McGraw-Hill)

📌 Williams Obstetrics 26e Full Playlist:
https://www.youtube.com/playlist?list=PL_WILLIAMS_OBSTETRICS_26E

━━━━━━━━━━━━━━━━━━━━━━━━━━━━━━━━━━━━━
⏱️ CHAPTER TIMESTAMPS
00:00 - Chapter 03: Congenital Genitourinary Abnormalities

━━━━━━━━━━━━━━━━━━━━━━━━━━━━━━━━━━━━━
⚕️ CLINICAL & EDUCATIONAL DISCLAIMER
This video and audio narration is intended strictly for medical students, obstetrical residents, physicians, midwives, and healthcare professionals preparing for board examinations (USMLE Step 2 CK, Step 3, MRCOG, Royal College, ABOG, and specialty licensing). Medicine and pharmacology are constantly evolving fields. Clinicians must always verify diagnostic protocols, drug dosages, and contraindications against primary sources and institutional guidelines."
4,2,Maternal Anatomy and Physiology,Maternal Physiology,Williams Obstetrics (26e) | Ch 04: Maternal Physiology (Read-Along Audiobook),77,Chapter_04_Maternal_Physiology.mp4,/Volumes/Kingston/Gynae/videos/Chapter_04_Maternal_Physiology.mp4,80.74,27,public,"Williams Obstetrics, Williams Obstetrics 26th edition, Chapter 4 Maternal Physiology, Obstetrics, Gynecology, OBGYN, Medical Audiobook, Read Along Medical Video, USMLE Step 2 CK, USMLE Step 3, MRCOG, ABOG, Maternal Fetal Medicine, High Risk Pregnancy, Maternal Anatomy and Physiology","Williams Obstetrics, 26th Edition
Section 2: Maternal Anatomy and Physiology
Chapter 04: Maternal Physiology

🎧 Complete 1080p Read-Along Video with synchronized sentence-level subtitles and neural audio narration.
📚 Medical Textbook: Williams Obstetrics (26th Edition, McGraw-Hill)

📌 Williams Obstetrics 26e Full Playlist:
https://www.youtube.com/playlist?list=PL_WILLIAMS_OBSTETRICS_26E

━━━━━━━━━━━━━━━━━━━━━━━━━━━━━━━━━━━━━
⏱️ CHAPTER TIMESTAMPS
00:00 - Chapter 04: Maternal Physiology

━━━━━━━━━━━━━━━━━━━━━━━━━━━━━━━━━━━━━
⚕️ CLINICAL & EDUCATIONAL DISCLAIMER
This video and audio narration is intended strictly for medical students, obstetrical residents, physicians, midwives, and healthcare professionals preparing for board examinations (USMLE Step 2 CK, Step 3, MRCOG, Royal College, ABOG, and specialty licensing). Medicine and pharmacology are constantly evolving fields. Clinicians must always verify diagnostic protocols, drug dosages, and contraindications against primary sources and institutional guidelines."
5,3,"Placentation, Embryogenesis, and Fetal Development",Implantation and Placental Development,Williams Obstetrics (26e) | Ch 05: Implantation and Placental Development (Read-Along Audiobook),96,Chapter_05_Implantation_and_Placental_Development.mp4,/Volumes/Kingston/Gynae/videos/Chapter_05_Implantation_and_Placental_Development.mp4,68.81,27,public,"Williams Obstetrics, Williams Obstetrics 26th edition, Chapter 5 Implantation and Placental Development, Obstetrics, Gynecology, OBGYN, Medical Audiobook, Read Along Medical Video, USMLE Step 2 CK, USMLE Step 3, MRCOG, ABOG, Maternal Fetal Medicine, High Risk Pregnancy, Placentation, Embryogenesis, and Fetal Development","Williams Obstetrics, 26th Edition
Section 3: Placentation, Embryogenesis, and Fetal Development
Chapter 05: Implantation and Placental Development

🎧 Complete 1080p Read-Along Video with synchronized sentence-level subtitles and neural audio narration.
📚 Medical Textbook: Williams Obstetrics (26th Edition, McGraw-Hill)

📌 Williams Obstetrics 26e Full Playlist:
https://www.youtube.com/playlist?list=PL_WILLIAMS_OBSTETRICS_26E

━━━━━━━━━━━━━━━━━━━━━━━━━━━━━━━━━━━━━
⏱️ CHAPTER TIMESTAMPS
00:00 - Chapter 05: Implantation and Placental Development

━━━━━━━━━━━━━━━━━━━━━━━━━━━━━━━━━━━━━
⚕️ CLINICAL & EDUCATIONAL DISCLAIMER
This video and audio narration is intended strictly for medical students, obstetrical residents, physicians, midwives, and healthcare professionals preparing for board examinations (USMLE Step 2 CK, Step 3, MRCOG, Royal College, ABOG, and specialty licensing). Medicine and pharmacology are constantly evolving fields. Clinicians must always verify diagnostic protocols, drug dosages, and contraindications against primary sources and institutional guidelines."
6,3,"Placentation, Embryogenesis, and Fetal Development",Placental Abnormalities,Williams Obstetrics (26e) | Ch 06: Placental Abnormalities (Read-Along Audiobook),81,Chapter_06_Placental_Abnormalities.mp4,/Volumes/Kingston/Gynae/videos/Chapter_06_Placental_Abnormalities.mp4,29.89,27,public,"Williams Obstetrics, Williams Obstetrics 26th edition, Chapter 6 Placental Abnormalities, Obstetrics, Gynecology, OBGYN, Medical Audiobook, Read Along Medical Video, USMLE Step 2 CK, USMLE Step 3, MRCOG, ABOG, Maternal Fetal Medicine, High Risk Pregnancy, Placentation, Embryogenesis, and Fetal Development","Williams Obstetrics, 26th Edition
Section 3: Placentation, Embryogenesis, and Fetal Development
Chapter 06: Placental Abnormalities

🎧 Complete 1080p Read-Along Video with synchronized sentence-level subtitles and neural audio narration.
📚 Medical Textbook: Williams Obstetrics (26th Edition, McGraw-Hill)

📌 Williams Obstetrics 26e Full Playlist:
https://www.youtube.com/playlist?list=PL_WILLIAMS_OBSTETRICS_26E

━━━━━━━━━━━━━━━━━━━━━━━━━━━━━━━━━━━━━
⏱️ CHAPTER TIMESTAMPS
00:00 - Chapter 06: Placental Abnormalities

━━━━━━━━━━━━━━━━━━━━━━━━━━━━━━━━━━━━━
⚕️ CLINICAL & EDUCATIONAL DISCLAIMER
This video and audio narration is intended strictly for medical students, obstetrical residents, physicians, midwives, and healthcare professionals preparing for board examinations (USMLE Step 2 CK, Step 3, MRCOG, Royal College, ABOG, and specialty licensing). Medicine and pharmacology are constantly evolving fields. Clinicians must always verify diagnostic protocols, drug dosages, and contraindications against primary sources and institutional guidelines."
7,3,"Placentation, Embryogenesis, and Fetal Development",Embryogenesis and Fetal Development,Williams Obstetrics (26e) | Ch 07: Embryogenesis and Fetal Development (Read-Along Audiobook),93,Chapter_07_Embryogenesis_and_Fetal_Development.mp4,/Volumes/Kingston/Gynae/videos/Chapter_07_Embryogenesis_and_Fetal_Development.mp4,54.61,27,public,"Williams Obstetrics, Williams Obstetrics 26th edition, Chapter 7 Embryogenesis and Fetal Development, Obstetrics, Gynecology, OBGYN, Medical Audiobook, Read Along Medical Video, USMLE Step 2 CK, USMLE Step 3, MRCOG, ABOG, Maternal Fetal Medicine, High Risk Pregnancy, Placentation, Embryogenesis, and Fetal Development","Williams Obstetrics, 26th Edition
Section 3: Placentation, Embryogenesis, and Fetal Development
Chapter 07: Embryogenesis and Fetal Development

🎧 Complete 1080p Read-Along Video with synchronized sentence-level subtitles and neural audio narration.
📚 Medical Textbook: Williams Obstetrics (26th Edition, McGraw-Hill)

📌 Williams Obstetrics 26e Full Playlist:
https://www.youtube.com/playlist?list=PL_WILLIAMS_OBSTETRICS_26E

━━━━━━━━━━━━━━━━━━━━━━━━━━━━━━━━━━━━━
⏱️ CHAPTER TIMESTAMPS
00:00 - Chapter 07: Embryogenesis and Fetal Development

━━━━━━━━━━━━━━━━━━━━━━━━━━━━━━━━━━━━━
⚕️ CLINICAL & EDUCATIONAL DISCLAIMER
This video and audio narration is intended strictly for medical students, obstetrical residents, physicians, midwives, and healthcare professionals preparing for board examinations (USMLE Step 2 CK, Step 3, MRCOG, Royal College, ABOG, and specialty licensing). Medicine and pharmacology are constantly evolving fields. Clinicians must always verify diagnostic protocols, drug dosages, and contraindications against primary sources and institutional guidelines."
8,4,Preconceptional and Prenatal Care,"Teratology, Teratogens, and Fetotoxic","Williams Obstetrics (26e) | Ch 08: Teratology, Teratogens, and Fetotoxic (Read-Along Audiobook)",95,Chapter_08_Teratology_Teratogens_and_Fetotoxic_Agents.mp4,/Volumes/Kingston/Gynae/videos/Chapter_08_Teratology_Teratogens_and_Fetotoxic_Agents.mp4,52.09,27,public,"Williams Obstetrics, Williams Obstetrics 26th edition, Chapter 8 Teratology, Teratogens, and Fetotoxic, Obstetrics, Gynecology, OBGYN, Medical Audiobook, Read Along Medical Video, USMLE Step 2 CK, USMLE Step 3, MRCOG, ABOG, Maternal Fetal Medicine, High Risk Pregnancy, Preconceptional and Prenatal Care","Williams Obstetrics, 26th Edition
Section 4: Preconceptional and Prenatal Care
Chapter 08: Teratology, Teratogens, and Fetotoxic

🎧 Complete 1080p Read-Along Video with synchronized sentence-level subtitles and neural audio narration.
📚 Medical Textbook: Williams Obstetrics (26th Edition, McGraw-Hill)

📌 Williams Obstetrics 26e Full Playlist:
https://www.youtube.com/playlist?list=PL_WILLIAMS_OBSTETRICS_26E

━━━━━━━━━━━━━━━━━━━━━━━━━━━━━━━━━━━━━
⏱️ CHAPTER TIMESTAMPS
00:00 - Chapter 08: Teratology, Teratogens, and Fetotoxic

━━━━━━━━━━━━━━━━━━━━━━━━━━━━━━━━━━━━━
⚕️ CLINICAL & EDUCATIONAL DISCLAIMER
This video and audio narration is intended strictly for medical students, obstetrical residents, physicians, midwives, and healthcare professionals preparing for board examinations (USMLE Step 2 CK, Step 3, MRCOG, Royal College, ABOG, and specialty licensing). Medicine and pharmacology are constantly evolving fields. Clinicians must always verify diagnostic protocols, drug dosages, and contraindications against primary sources and institutional guidelines."
9,4,Preconceptional and Prenatal Care,Preconceptional Counseling,Williams Obstetrics (26e) | Ch 09: Preconceptional Counseling (Read-Along Audiobook),84,Chapter_09_Preconceptional_Counseling.mp4,/Volumes/Kingston/Gynae/videos/Chapter_09_Preconceptional_Counseling.mp4,20.44,27,public,"Williams Obstetrics, Williams Obstetrics 26th edition, Chapter 9 Preconceptional Counseling, Obstetrics, Gynecology, OBGYN, Medical Audiobook, Read Along Medical Video, USMLE Step 2 CK, USMLE Step 3, MRCOG, ABOG, Maternal Fetal Medicine, High Risk Pregnancy, Preconceptional and Prenatal Care","Williams Obstetrics, 26th Edition
Section 4: Preconceptional and Prenatal Care
Chapter 09: Preconceptional Counseling

🎧 Complete 1080p Read-Along Video with synchronized sentence-level subtitles and neural audio narration.
📚 Medical Textbook: Williams Obstetrics (26th Edition, McGraw-Hill)

📌 Williams Obstetrics 26e Full Playlist:
https://www.youtube.com/playlist?list=PL_WILLIAMS_OBSTETRICS_26E

━━━━━━━━━━━━━━━━━━━━━━━━━━━━━━━━━━━━━
⏱️ CHAPTER TIMESTAMPS
00:00 - Chapter 09: Preconceptional Counseling

━━━━━━━━━━━━━━━━━━━━━━━━━━━━━━━━━━━━━
⚕️ CLINICAL & EDUCATIONAL DISCLAIMER
This video and audio narration is intended strictly for medical students, obstetrical residents, physicians, midwives, and healthcare professionals preparing for board examinations (USMLE Step 2 CK, Step 3, MRCOG, Royal College, ABOG, and specialty licensing). Medicine and pharmacology are constantly evolving fields. Clinicians must always verify diagnostic protocols, drug dosages, and contraindications against primary sources and institutional guidelines."
10,4,Preconceptional and Prenatal Care,Prenatal Care,Williams Obstetrics (26e) | Ch 10: Prenatal Care (Read-Along Audiobook),71,Chapter_10_Prenatal_Care.mp4,/Volumes/Kingston/Gynae/videos/Chapter_10_Prenatal_Care.mp4,53.75,27,public,"Williams Obstetrics, Williams Obstetrics 26th edition, Chapter 10 Prenatal Care, Obstetrics, Gynecology, OBGYN, Medical Audiobook, Read Along Medical Video, USMLE Step 2 CK, USMLE Step 3, MRCOG, ABOG, Maternal Fetal Medicine, High Risk Pregnancy, Preconceptional and Prenatal Care","Williams Obstetrics, 26th Edition
Section 4: Preconceptional and Prenatal Care
Chapter 10: Prenatal Care

🎧 Complete 1080p Read-Along Video with synchronized sentence-level subtitles and neural audio narration.
📚 Medical Textbook: Williams Obstetrics (26th Edition, McGraw-Hill)

📌 Williams Obstetrics 26e Full Playlist:
https://www.youtube.com/playlist?list=PL_WILLIAMS_OBSTETRICS_26E

━━━━━━━━━━━━━━━━━━━━━━━━━━━━━━━━━━━━━
⏱️ CHAPTER TIMESTAMPS
00:00 - Chapter 10: Prenatal Care

━━━━━━━━━━━━━━━━━━━━━━━━━━━━━━━━━━━━━
⚕️ CLINICAL & EDUCATIONAL DISCLAIMER
This video and audio narration is intended strictly for medical students, obstetrical residents, physicians, midwives, and healthcare professionals preparing for board examinations (USMLE Step 2 CK, Step 3, MRCOG, Royal College, ABOG, and specialty licensing). Medicine and pharmacology are constantly evolving fields. Clinicians must always verify diagnostic protocols, drug dosages, and contraindications against primary sources and institutional guidelines."
11,5,First- and Second-Trimester Pregnancy Loss,First- and Second-Trimester Pregnancy,Williams Obstetrics (26e) | Ch 11: First- and Second-Trimester Pregnancy (Read-Along Audiobook),95,Chapter_11_First__and_Second_Trimester_Pregnancy_Loss.mp4,/Volumes/Kingston/Gynae/videos/Chapter_11_First__and_Second_Trimester_Pregnancy_Loss.mp4,56.2,27,public,"Williams Obstetrics, Williams Obstetrics 26th edition, Chapter 11 First- and Second-Trimester Pregnancy, Obstetrics, Gynecology, OBGYN, Medical Audiobook, Read Along Medical Video, USMLE Step 2 CK, USMLE Step 3, MRCOG, ABOG, Maternal Fetal Medicine, High Risk Pregnancy, First- and Second-Trimester Pregnancy Loss","Williams Obstetrics, 26th Edition
Section 5: First- and Second-Trimester Pregnancy Loss
Chapter 11: First- and Second-Trimester Pregnancy

🎧 Complete 1080p Read-Along Video with synchronized sentence-level subtitles and neural audio narration.
📚 Medical Textbook: Williams Obstetrics (26th Edition, McGraw-Hill)

📌 Williams Obstetrics 26e Full Playlist:
https://www.youtube.com/playlist?list=PL_WILLIAMS_OBSTETRICS_26E

━━━━━━━━━━━━━━━━━━━━━━━━━━━━━━━━━━━━━
⏱️ CHAPTER TIMESTAMPS
00:00 - Chapter 11: First- and Second-Trimester Pregnancy

━━━━━━━━━━━━━━━━━━━━━━━━━━━━━━━━━━━━━
⚕️ CLINICAL & EDUCATIONAL DISCLAIMER
This video and audio narration is intended strictly for medical students, obstetrical residents, physicians, midwives, and healthcare professionals preparing for board examinations (USMLE Step 2 CK, Step 3, MRCOG, Royal College, ABOG, and specialty licensing). Medicine and pharmacology are constantly evolving fields. Clinicians must always verify diagnostic protocols, drug dosages, and contraindications against primary sources and institutional guidelines."
12,5,First- and Second-Trimester Pregnancy Loss,Ectopic Pregnancy,Williams Obstetrics (26e) | Ch 12: Ectopic Pregnancy (Read-Along Audiobook),75,Chapter_12_Ectopic_Pregnancy.mp4,/Volumes/Kingston/Gynae/videos/Chapter_12_Ectopic_Pregnancy.mp4,41.08,27,public,"Williams Obstetrics, Williams Obstetrics 26th edition, Chapter 12 Ectopic Pregnancy, Obstetrics, Gynecology, OBGYN, Medical Audiobook, Read Along Medical Video, USMLE Step 2 CK, USMLE Step 3, MRCOG, ABOG, Maternal Fetal Medicine, High Risk Pregnancy, First- and Second-Trimester Pregnancy Loss","Williams Obstetrics, 26th Edition
Section 5: First- and Second-Trimester Pregnancy Loss
Chapter 12: Ectopic Pregnancy

🎧 Complete 1080p Read-Along Video with synchronized sentence-level subtitles and neural audio narration.
📚 Medical Textbook: Williams Obstetrics (26th Edition, McGraw-Hill)

📌 Williams Obstetrics 26e Full Playlist:
https://www.youtube.com/playlist?list=PL_WILLIAMS_OBSTETRICS_26E

━━━━━━━━━━━━━━━━━━━━━━━━━━━━━━━━━━━━━
⏱️ CHAPTER TIMESTAMPS
00:00 - Chapter 12: Ectopic Pregnancy

━━━━━━━━━━━━━━━━━━━━━━━━━━━━━━━━━━━━━
⚕️ CLINICAL & EDUCATIONAL DISCLAIMER
This video and audio narration is intended strictly for medical students, obstetrical residents, physicians, midwives, and healthcare professionals preparing for board examinations (USMLE Step 2 CK, Step 3, MRCOG, Royal College, ABOG, and specialty licensing). Medicine and pharmacology are constantly evolving fields. Clinicians must always verify diagnostic protocols, drug dosages, and contraindications against primary sources and institutional guidelines."
13,5,First- and Second-Trimester Pregnancy Loss,Gestational Trophoblastic Disease,Williams Obstetrics (26e) | Ch 13: Gestational Trophoblastic Disease (Read-Along Audiobook),91,Chapter_13_Gestational_Trophoblastic_Disease.mp4,/Volumes/Kingston/Gynae/videos/Chapter_13_Gestational_Trophoblastic_Disease.mp4,22.33,27,public,"Williams Obstetrics, Williams Obstetrics 26th edition, Chapter 13 Gestational Trophoblastic Disease, Obstetrics, Gynecology, OBGYN, Medical Audiobook, Read Along Medical Video, USMLE Step 2 CK, USMLE Step 3, MRCOG, ABOG, Maternal Fetal Medicine, High Risk Pregnancy, First- and Second-Trimester Pregnancy Loss","Williams Obstetrics, 26th Edition
Section 5: First- and Second-Trimester Pregnancy Loss
Chapter 13: Gestational Trophoblastic Disease

🎧 Complete 1080p Read-Along Video with synchronized sentence-level subtitles and neural audio narration.
📚 Medical Textbook: Williams Obstetrics (26th Edition, McGraw-Hill)

📌 Williams Obstetrics 26e Full Playlist:
https://www.youtube.com/playlist?list=PL_WILLIAMS_OBSTETRICS_26E

━━━━━━━━━━━━━━━━━━━━━━━━━━━━━━━━━━━━━
⏱️ CHAPTER TIMESTAMPS
00:00 - Chapter 13: Gestational Trophoblastic Disease

━━━━━━━━━━━━━━━━━━━━━━━━━━━━━━━━━━━━━
⚕️ CLINICAL & EDUCATIONAL DISCLAIMER
This video and audio narration is intended strictly for medical students, obstetrical residents, physicians, midwives, and healthcare professionals preparing for board examinations (USMLE Step 2 CK, Step 3, MRCOG, Royal College, ABOG, and specialty licensing). Medicine and pharmacology are constantly evolving fields. Clinicians must always verify diagnostic protocols, drug dosages, and contraindications against primary sources and institutional guidelines."
14,6,The Fetal Patient,Obstetrical Imaging,Williams Obstetrics (26e) | Ch 14: Obstetrical Imaging (Read-Along Audiobook),77,Chapter_14_Obstetrical_Imaging.mp4,/Volumes/Kingston/Gynae/videos/Chapter_14_Obstetrical_Imaging.mp4,58.3,27,public,"Williams Obstetrics, Williams Obstetrics 26th edition, Chapter 14 Obstetrical Imaging, Obstetrics, Gynecology, OBGYN, Medical Audiobook, Read Along Medical Video, USMLE Step 2 CK, USMLE Step 3, MRCOG, ABOG, Maternal Fetal Medicine, High Risk Pregnancy, The Fetal Patient","Williams Obstetrics, 26th Edition
Section 6: The Fetal Patient
Chapter 14: Obstetrical Imaging

🎧 Complete 1080p Read-Along Video with synchronized sentence-level subtitles and neural audio narration.
📚 Medical Textbook: Williams Obstetrics (26th Edition, McGraw-Hill)

📌 Williams Obstetrics 26e Full Playlist:
https://www.youtube.com/playlist?list=PL_WILLIAMS_OBSTETRICS_26E

━━━━━━━━━━━━━━━━━━━━━━━━━━━━━━━━━━━━━
⏱️ CHAPTER TIMESTAMPS
00:00 - Chapter 14: Obstetrical Imaging

━━━━━━━━━━━━━━━━━━━━━━━━━━━━━━━━━━━━━
⚕️ CLINICAL & EDUCATIONAL DISCLAIMER
This video and audio narration is intended strictly for medical students, obstetrical residents, physicians, midwives, and healthcare professionals preparing for board examinations (USMLE Step 2 CK, Step 3, MRCOG, Royal College, ABOG, and specialty licensing). Medicine and pharmacology are constantly evolving fields. Clinicians must always verify diagnostic protocols, drug dosages, and contraindications against primary sources and institutional guidelines."
15,6,The Fetal Patient,Normal and Abnormal Fetal Anatomy,Williams Obstetrics (26e) | Ch 15: Normal and Abnormal Fetal Anatomy (Read-Along Audiobook),91,Chapter_15_Normal_and_Abnormal_Fetal_Anatomy.mp4,/Volumes/Kingston/Gynae/videos/Chapter_15_Normal_and_Abnormal_Fetal_Anatomy.mp4,74.3,27,public,"Williams Obstetrics, Williams Obstetrics 26th edition, Chapter 15 Normal and Abnormal Fetal Anatomy, Obstetrics, Gynecology, OBGYN, Medical Audiobook, Read Along Medical Video, USMLE Step 2 CK, USMLE Step 3, MRCOG, ABOG, Maternal Fetal Medicine, High Risk Pregnancy, The Fetal Patient","Williams Obstetrics, 26th Edition
Section 6: The Fetal Patient
Chapter 15: Normal and Abnormal Fetal Anatomy

🎧 Complete 1080p Read-Along Video with synchronized sentence-level subtitles and neural audio narration.
📚 Medical Textbook: Williams Obstetrics (26th Edition, McGraw-Hill)

📌 Williams Obstetrics 26e Full Playlist:
https://www.youtube.com/playlist?list=PL_WILLIAMS_OBSTETRICS_26E

━━━━━━━━━━━━━━━━━━━━━━━━━━━━━━━━━━━━━
⏱️ CHAPTER TIMESTAMPS
00:00 - Chapter 15: Normal and Abnormal Fetal Anatomy

━━━━━━━━━━━━━━━━━━━━━━━━━━━━━━━━━━━━━
⚕️ CLINICAL & EDUCATIONAL DISCLAIMER
This video and audio narration is intended strictly for medical students, obstetrical residents, physicians, midwives, and healthcare professionals preparing for board examinations (USMLE Step 2 CK, Step 3, MRCOG, Royal College, ABOG, and specialty licensing). Medicine and pharmacology are constantly evolving fields. Clinicians must always verify diagnostic protocols, drug dosages, and contraindications against primary sources and institutional guidelines."
16,6,The Fetal Patient,Genetics,Williams Obstetrics (26e) | Ch 16: Genetics (Read-Along Audiobook),66,Chapter_16_Genetics.mp4,/Volumes/Kingston/Gynae/videos/Chapter_16_Genetics.mp4,63.4,27,public,"Williams Obstetrics, Williams Obstetrics 26th edition, Chapter 16 Genetics, Obstetrics, Gynecology, OBGYN, Medical Audiobook, Read Along Medical Video, USMLE Step 2 CK, USMLE Step 3, MRCOG, ABOG, Maternal Fetal Medicine, High Risk Pregnancy, The Fetal Patient","Williams Obstetrics, 26th Edition
Section 6: The Fetal Patient
Chapter 16: Genetics

🎧 Complete 1080p Read-Along Video with synchronized sentence-level subtitles and neural audio narration.
📚 Medical Textbook: Williams Obstetrics (26th Edition, McGraw-Hill)

📌 Williams Obstetrics 26e Full Playlist:
https://www.youtube.com/playlist?list=PL_WILLIAMS_OBSTETRICS_26E

━━━━━━━━━━━━━━━━━━━━━━━━━━━━━━━━━━━━━
⏱️ CHAPTER TIMESTAMPS
00:00 - Chapter 16: Genetics

━━━━━━━━━━━━━━━━━━━━━━━━━━━━━━━━━━━━━
⚕️ CLINICAL & EDUCATIONAL DISCLAIMER
This video and audio narration is intended strictly for medical students, obstetrical residents, physicians, midwives, and healthcare professionals preparing for board examinations (USMLE Step 2 CK, Step 3, MRCOG, Royal College, ABOG, and specialty licensing). Medicine and pharmacology are constantly evolving fields. Clinicians must always verify diagnostic protocols, drug dosages, and contraindications against primary sources and institutional guidelines."
17,6,The Fetal Patient,Prenatal Diagnosis,Williams Obstetrics (26e) | Ch 17: Prenatal Diagnosis (Read-Along Audiobook),76,Chapter_17_Prenatal_Diagnosis.mp4,/Volumes/Kingston/Gynae/videos/Chapter_17_Prenatal_Diagnosis.mp4,50.73,27,public,"Williams Obstetrics, Williams Obstetrics 26th edition, Chapter 17 Prenatal Diagnosis, Obstetrics, Gynecology, OBGYN, Medical Audiobook, Read Along Medical Video, USMLE Step 2 CK, USMLE Step 3, MRCOG, ABOG, Maternal Fetal Medicine, High Risk Pregnancy, The Fetal Patient","Williams Obstetrics, 26th Edition
Section 6: The Fetal Patient
Chapter 17: Prenatal Diagnosis

🎧 Complete 1080p Read-Along Video with synchronized sentence-level subtitles and neural audio narration.
📚 Medical Textbook: Williams Obstetrics (26th Edition, McGraw-Hill)

📌 Williams Obstetrics 26e Full Playlist:
https://www.youtube.com/playlist?list=PL_WILLIAMS_OBSTETRICS_26E

━━━━━━━━━━━━━━━━━━━━━━━━━━━━━━━━━━━━━
⏱️ CHAPTER TIMESTAMPS
00:00 - Chapter 17: Prenatal Diagnosis

━━━━━━━━━━━━━━━━━━━━━━━━━━━━━━━━━━━━━
⚕️ CLINICAL & EDUCATIONAL DISCLAIMER
This video and audio narration is intended strictly for medical students, obstetrical residents, physicians, midwives, and healthcare professionals preparing for board examinations (USMLE Step 2 CK, Step 3, MRCOG, Royal College, ABOG, and specialty licensing). Medicine and pharmacology are constantly evolving fields. Clinicians must always verify diagnostic protocols, drug dosages, and contraindications against primary sources and institutional guidelines."
18,6,The Fetal Patient,Fetal Disorders,Williams Obstetrics (26e) | Ch 18: Fetal Disorders (Read-Along Audiobook),73,Chapter_18_Fetal_Disorders.mp4,/Volumes/Kingston/Gynae/videos/Chapter_18_Fetal_Disorders.mp4,36.66,27,public,"Williams Obstetrics, Williams Obstetrics 26th edition, Chapter 18 Fetal Disorders, Obstetrics, Gynecology, OBGYN, Medical Audiobook, Read Along Medical Video, USMLE Step 2 CK, USMLE Step 3, MRCOG, ABOG, Maternal Fetal Medicine, High Risk Pregnancy, The Fetal Patient","Williams Obstetrics, 26th Edition
Section 6: The Fetal Patient
Chapter 18: Fetal Disorders

🎧 Complete 1080p Read-Along Video with synchronized sentence-level subtitles and neural audio narration.
📚 Medical Textbook: Williams Obstetrics (26th Edition, McGraw-Hill)

📌 Williams Obstetrics 26e Full Playlist:
https://www.youtube.com/playlist?list=PL_WILLIAMS_OBSTETRICS_26E

━━━━━━━━━━━━━━━━━━━━━━━━━━━━━━━━━━━━━
⏱️ CHAPTER TIMESTAMPS
00:00 - Chapter 18: Fetal Disorders

━━━━━━━━━━━━━━━━━━━━━━━━━━━━━━━━━━━━━
⚕️ CLINICAL & EDUCATIONAL DISCLAIMER
This video and audio narration is intended strictly for medical students, obstetrical residents, physicians, midwives, and healthcare professionals preparing for board examinations (USMLE Step 2 CK, Step 3, MRCOG, Royal College, ABOG, and specialty licensing). Medicine and pharmacology are constantly evolving fields. Clinicians must always verify diagnostic protocols, drug dosages, and contraindications against primary sources and institutional guidelines."
19,6,The Fetal Patient,Fetal Therapy,Williams Obstetrics (26e) | Ch 19: Fetal Therapy (Read-Along Audiobook),71,Chapter_19_Fetal_Therapy.mp4,/Volumes/Kingston/Gynae/videos/Chapter_19_Fetal_Therapy.mp4,39.69,27,public,"Williams Obstetrics, Williams Obstetrics 26th edition, Chapter 19 Fetal Therapy, Obstetrics, Gynecology, OBGYN, Medical Audiobook, Read Along Medical Video, USMLE Step 2 CK, USMLE Step 3, MRCOG, ABOG, Maternal Fetal Medicine, High Risk Pregnancy, The Fetal Patient","Williams Obstetrics, 26th Edition
Section 6: The Fetal Patient
Chapter 19: Fetal Therapy

🎧 Complete 1080p Read-Along Video with synchronized sentence-level subtitles and neural audio narration.
📚 Medical Textbook: Williams Obstetrics (26th Edition, McGraw-Hill)

📌 Williams Obstetrics 26e Full Playlist:
https://www.youtube.com/playlist?list=PL_WILLIAMS_OBSTETRICS_26E

━━━━━━━━━━━━━━━━━━━━━━━━━━━━━━━━━━━━━
⏱️ CHAPTER TIMESTAMPS
00:00 - Chapter 19: Fetal Therapy

━━━━━━━━━━━━━━━━━━━━━━━━━━━━━━━━━━━━━
⚕️ CLINICAL & EDUCATIONAL DISCLAIMER
This video and audio narration is intended strictly for medical students, obstetrical residents, physicians, midwives, and healthcare professionals preparing for board examinations (USMLE Step 2 CK, Step 3, MRCOG, Royal College, ABOG, and specialty licensing). Medicine and pharmacology are constantly evolving fields. Clinicians must always verify diagnostic protocols, drug dosages, and contraindications against primary sources and institutional guidelines."
20,6,The Fetal Patient,Antepartum Fetal Assessment,Williams Obstetrics (26e) | Ch 20: Antepartum Fetal Assessment (Read-Along Audiobook),85,Chapter_20_Antepartum_Fetal_Assessment.mp4,/Volumes/Kingston/Gynae/videos/Chapter_20_Antepartum_Fetal_Assessment.mp4,29.18,27,public,"Williams Obstetrics, Williams Obstetrics 26th edition, Chapter 20 Antepartum Fetal Assessment, Obstetrics, Gynecology, OBGYN, Medical Audiobook, Read Along Medical Video, USMLE Step 2 CK, USMLE Step 3, MRCOG, ABOG, Maternal Fetal Medicine, High Risk Pregnancy, The Fetal Patient","Williams Obstetrics, 26th Edition
Section 6: The Fetal Patient
Chapter 20: Antepartum Fetal Assessment

🎧 Complete 1080p Read-Along Video with synchronized sentence-level subtitles and neural audio narration.
📚 Medical Textbook: Williams Obstetrics (26th Edition, McGraw-Hill)

📌 Williams Obstetrics 26e Full Playlist:
https://www.youtube.com/playlist?list=PL_WILLIAMS_OBSTETRICS_26E

━━━━━━━━━━━━━━━━━━━━━━━━━━━━━━━━━━━━━
⏱️ CHAPTER TIMESTAMPS
00:00 - Chapter 20: Antepartum Fetal Assessment

━━━━━━━━━━━━━━━━━━━━━━━━━━━━━━━━━━━━━
⚕️ CLINICAL & EDUCATIONAL DISCLAIMER
This video and audio narration is intended strictly for medical students, obstetrical residents, physicians, midwives, and healthcare professionals preparing for board examinations (USMLE Step 2 CK, Step 3, MRCOG, Royal College, ABOG, and specialty licensing). Medicine and pharmacology are constantly evolving fields. Clinicians must always verify diagnostic protocols, drug dosages, and contraindications against primary sources and institutional guidelines."
21,7,Labor,Physiology of Labor,Williams Obstetrics (26e) | Ch 21: Physiology of Labor (Read-Along Audiobook),77,Chapter_21_Physiology_of_Labor.mp4,/Volumes/Kingston/Gynae/videos/Chapter_21_Physiology_of_Labor.mp4,51.02,27,public,"Williams Obstetrics, Williams Obstetrics 26th edition, Chapter 21 Physiology of Labor, Obstetrics, Gynecology, OBGYN, Medical Audiobook, Read Along Medical Video, USMLE Step 2 CK, USMLE Step 3, MRCOG, ABOG, Maternal Fetal Medicine, High Risk Pregnancy, Labor","Williams Obstetrics, 26th Edition
Section 7: Labor
Chapter 21: Physiology of Labor

🎧 Complete 1080p Read-Along Video with synchronized sentence-level subtitles and neural audio narration.
📚 Medical Textbook: Williams Obstetrics (26th Edition, McGraw-Hill)

📌 Williams Obstetrics 26e Full Playlist:
https://www.youtube.com/playlist?list=PL_WILLIAMS_OBSTETRICS_26E

━━━━━━━━━━━━━━━━━━━━━━━━━━━━━━━━━━━━━
⏱️ CHAPTER TIMESTAMPS
00:00 - Chapter 21: Physiology of Labor

━━━━━━━━━━━━━━━━━━━━━━━━━━━━━━━━━━━━━
⚕️ CLINICAL & EDUCATIONAL DISCLAIMER
This video and audio narration is intended strictly for medical students, obstetrical residents, physicians, midwives, and healthcare professionals preparing for board examinations (USMLE Step 2 CK, Step 3, MRCOG, Royal College, ABOG, and specialty licensing). Medicine and pharmacology are constantly evolving fields. Clinicians must always verify diagnostic protocols, drug dosages, and contraindications against primary sources and institutional guidelines."
22,7,Labor,Normal Labor,Williams Obstetrics (26e) | Ch 22: Normal Labor (Read-Along Audiobook),70,Chapter_22_Normal_Labor.mp4,/Volumes/Kingston/Gynae/videos/Chapter_22_Normal_Labor.mp4,41.99,27,public,"Williams Obstetrics, Williams Obstetrics 26th edition, Chapter 22 Normal Labor, Obstetrics, Gynecology, OBGYN, Medical Audiobook, Read Along Medical Video, USMLE Step 2 CK, USMLE Step 3, MRCOG, ABOG, Maternal Fetal Medicine, High Risk Pregnancy, Labor","Williams Obstetrics, 26th Edition
Section 7: Labor
Chapter 22: Normal Labor

🎧 Complete 1080p Read-Along Video with synchronized sentence-level subtitles and neural audio narration.
📚 Medical Textbook: Williams Obstetrics (26th Edition, McGraw-Hill)

📌 Williams Obstetrics 26e Full Playlist:
https://www.youtube.com/playlist?list=PL_WILLIAMS_OBSTETRICS_26E

━━━━━━━━━━━━━━━━━━━━━━━━━━━━━━━━━━━━━
⏱️ CHAPTER TIMESTAMPS
00:00 - Chapter 22: Normal Labor

━━━━━━━━━━━━━━━━━━━━━━━━━━━━━━━━━━━━━
⚕️ CLINICAL & EDUCATIONAL DISCLAIMER
This video and audio narration is intended strictly for medical students, obstetrical residents, physicians, midwives, and healthcare professionals preparing for board examinations (USMLE Step 2 CK, Step 3, MRCOG, Royal College, ABOG, and specialty licensing). Medicine and pharmacology are constantly evolving fields. Clinicians must always verify diagnostic protocols, drug dosages, and contraindications against primary sources and institutional guidelines."
23,7,Labor,Abnormal Labor,Williams Obstetrics (26e) | Ch 23: Abnormal Labor (Read-Along Audiobook),72,Chapter_23_Abnormal_Labor.mp4,/Volumes/Kingston/Gynae/videos/Chapter_23_Abnormal_Labor.mp4,35.56,27,public,"Williams Obstetrics, Williams Obstetrics 26th edition, Chapter 23 Abnormal Labor, Obstetrics, Gynecology, OBGYN, Medical Audiobook, Read Along Medical Video, USMLE Step 2 CK, USMLE Step 3, MRCOG, ABOG, Maternal Fetal Medicine, High Risk Pregnancy, Labor","Williams Obstetrics, 26th Edition
Section 7: Labor
Chapter 23: Abnormal Labor

🎧 Complete 1080p Read-Along Video with synchronized sentence-level subtitles and neural audio narration.
📚 Medical Textbook: Williams Obstetrics (26th Edition, McGraw-Hill)

📌 Williams Obstetrics 26e Full Playlist:
https://www.youtube.com/playlist?list=PL_WILLIAMS_OBSTETRICS_26E

━━━━━━━━━━━━━━━━━━━━━━━━━━━━━━━━━━━━━
⏱️ CHAPTER TIMESTAMPS
00:00 - Chapter 23: Abnormal Labor

━━━━━━━━━━━━━━━━━━━━━━━━━━━━━━━━━━━━━
⚕️ CLINICAL & EDUCATIONAL DISCLAIMER
This video and audio narration is intended strictly for medical students, obstetrical residents, physicians, midwives, and healthcare professionals preparing for board examinations (USMLE Step 2 CK, Step 3, MRCOG, Royal College, ABOG, and specialty licensing). Medicine and pharmacology are constantly evolving fields. Clinicians must always verify diagnostic protocols, drug dosages, and contraindications against primary sources and institutional guidelines."
24,7,Labor,Intrapartum Assessment,Williams Obstetrics (26e) | Ch 24: Intrapartum Assessment (Read-Along Audiobook),80,Chapter_24_Intrapartum_Assessment.mp4,/Volumes/Kingston/Gynae/videos/Chapter_24_Intrapartum_Assessment.mp4,51.92,27,public,"Williams Obstetrics, Williams Obstetrics 26th edition, Chapter 24 Intrapartum Assessment, Obstetrics, Gynecology, OBGYN, Medical Audiobook, Read Along Medical Video, USMLE Step 2 CK, USMLE Step 3, MRCOG, ABOG, Maternal Fetal Medicine, High Risk Pregnancy, Labor","Williams Obstetrics, 26th Edition
Section 7: Labor
Chapter 24: Intrapartum Assessment

🎧 Complete 1080p Read-Along Video with synchronized sentence-level subtitles and neural audio narration.
📚 Medical Textbook: Williams Obstetrics (26th Edition, McGraw-Hill)

📌 Williams Obstetrics 26e Full Playlist:
https://www.youtube.com/playlist?list=PL_WILLIAMS_OBSTETRICS_26E

━━━━━━━━━━━━━━━━━━━━━━━━━━━━━━━━━━━━━
⏱️ CHAPTER TIMESTAMPS
00:00 - Chapter 24: Intrapartum Assessment

━━━━━━━━━━━━━━━━━━━━━━━━━━━━━━━━━━━━━
⚕️ CLINICAL & EDUCATIONAL DISCLAIMER
This video and audio narration is intended strictly for medical students, obstetrical residents, physicians, midwives, and healthcare professionals preparing for board examinations (USMLE Step 2 CK, Step 3, MRCOG, Royal College, ABOG, and specialty licensing). Medicine and pharmacology are constantly evolving fields. Clinicians must always verify diagnostic protocols, drug dosages, and contraindications against primary sources and institutional guidelines."
25,7,Labor,Obstetrical Analgesia and Anesthesia,Williams Obstetrics (26e) | Ch 25: Obstetrical Analgesia and Anesthesia (Read-Along Audiobook),94,Chapter_25_Obstetrical_Analgesia_and_Anesthesia.mp4,/Volumes/Kingston/Gynae/videos/Chapter_25_Obstetrical_Analgesia_and_Anesthesia.mp4,50.88,27,public,"Williams Obstetrics, Williams Obstetrics 26th edition, Chapter 25 Obstetrical Analgesia and Anesthesia, Obstetrics, Gynecology, OBGYN, Medical Audiobook, Read Along Medical Video, USMLE Step 2 CK, USMLE Step 3, MRCOG, ABOG, Maternal Fetal Medicine, High Risk Pregnancy, Labor","Williams Obstetrics, 26th Edition
Section 7: Labor
Chapter 25: Obstetrical Analgesia and Anesthesia

🎧 Complete 1080p Read-Along Video with synchronized sentence-level subtitles and neural audio narration.
📚 Medical Textbook: Williams Obstetrics (26th Edition, McGraw-Hill)

📌 Williams Obstetrics 26e Full Playlist:
https://www.youtube.com/playlist?list=PL_WILLIAMS_OBSTETRICS_26E

━━━━━━━━━━━━━━━━━━━━━━━━━━━━━━━━━━━━━
⏱️ CHAPTER TIMESTAMPS
00:00 - Chapter 25: Obstetrical Analgesia and Anesthesia

━━━━━━━━━━━━━━━━━━━━━━━━━━━━━━━━━━━━━
⚕️ CLINICAL & EDUCATIONAL DISCLAIMER
This video and audio narration is intended strictly for medical students, obstetrical residents, physicians, midwives, and healthcare professionals preparing for board examinations (USMLE Step 2 CK, Step 3, MRCOG, Royal College, ABOG, and specialty licensing). Medicine and pharmacology are constantly evolving fields. Clinicians must always verify diagnostic protocols, drug dosages, and contraindications against primary sources and institutional guidelines."
26,7,Labor,Induction and Augmentation of Labor,Williams Obstetrics (26e) | Ch 26: Induction and Augmentation of Labor (Read-Along Audiobook),93,Chapter_26_Induction_and_Augmentation_of_Labor.mp4,/Volumes/Kingston/Gynae/videos/Chapter_26_Induction_and_Augmentation_of_Labor.mp4,27.37,27,public,"Williams Obstetrics, Williams Obstetrics 26th edition, Chapter 26 Induction and Augmentation of Labor, Obstetrics, Gynecology, OBGYN, Medical Audiobook, Read Along Medical Video, USMLE Step 2 CK, USMLE Step 3, MRCOG, ABOG, Maternal Fetal Medicine, High Risk Pregnancy, Labor","Williams Obstetrics, 26th Edition
Section 7: Labor
Chapter 26: Induction and Augmentation of Labor

🎧 Complete 1080p Read-Along Video with synchronized sentence-level subtitles and neural audio narration.
📚 Medical Textbook: Williams Obstetrics (26th Edition, McGraw-Hill)

📌 Williams Obstetrics 26e Full Playlist:
https://www.youtube.com/playlist?list=PL_WILLIAMS_OBSTETRICS_26E

━━━━━━━━━━━━━━━━━━━━━━━━━━━━━━━━━━━━━
⏱️ CHAPTER TIMESTAMPS
00:00 - Chapter 26: Induction and Augmentation of Labor

━━━━━━━━━━━━━━━━━━━━━━━━━━━━━━━━━━━━━
⚕️ CLINICAL & EDUCATIONAL DISCLAIMER
This video and audio narration is intended strictly for medical students, obstetrical residents, physicians, midwives, and healthcare professionals preparing for board examinations (USMLE Step 2 CK, Step 3, MRCOG, Royal College, ABOG, and specialty licensing). Medicine and pharmacology are constantly evolving fields. Clinicians must always verify diagnostic protocols, drug dosages, and contraindications against primary sources and institutional guidelines."
27,8,Delivery,Vaginal Delivery,Williams Obstetrics (26e) | Ch 27: Vaginal Delivery (Read-Along Audiobook),74,Chapter_27_Vaginal_Delivery.mp4,/Volumes/Kingston/Gynae/videos/Chapter_27_Vaginal_Delivery.mp4,48.76,27,public,"Williams Obstetrics, Williams Obstetrics 26th edition, Chapter 27 Vaginal Delivery, Obstetrics, Gynecology, OBGYN, Medical Audiobook, Read Along Medical Video, USMLE Step 2 CK, USMLE Step 3, MRCOG, ABOG, Maternal Fetal Medicine, High Risk Pregnancy, Delivery","Williams Obstetrics, 26th Edition
Section 8: Delivery
Chapter 27: Vaginal Delivery

🎧 Complete 1080p Read-Along Video with synchronized sentence-level subtitles and neural audio narration.
📚 Medical Textbook: Williams Obstetrics (26th Edition, McGraw-Hill)

📌 Williams Obstetrics 26e Full Playlist:
https://www.youtube.com/playlist?list=PL_WILLIAMS_OBSTETRICS_26E

━━━━━━━━━━━━━━━━━━━━━━━━━━━━━━━━━━━━━
⏱️ CHAPTER TIMESTAMPS
00:00 - Chapter 27: Vaginal Delivery

━━━━━━━━━━━━━━━━━━━━━━━━━━━━━━━━━━━━━
⚕️ CLINICAL & EDUCATIONAL DISCLAIMER
This video and audio narration is intended strictly for medical students, obstetrical residents, physicians, midwives, and healthcare professionals preparing for board examinations (USMLE Step 2 CK, Step 3, MRCOG, Royal College, ABOG, and specialty licensing). Medicine and pharmacology are constantly evolving fields. Clinicians must always verify diagnostic protocols, drug dosages, and contraindications against primary sources and institutional guidelines."
28,8,Delivery,Singleton Breech Delivery,Williams Obstetrics (26e) | Ch 28: Singleton Breech Delivery (Read-Along Audiobook),83,Chapter_28_Singleton_Breech_Delivery.mp4,/Volumes/Kingston/Gynae/videos/Chapter_28_Singleton_Breech_Delivery.mp4,36.19,27,public,"Williams Obstetrics, Williams Obstetrics 26th edition, Chapter 28 Singleton Breech Delivery, Obstetrics, Gynecology, OBGYN, Medical Audiobook, Read Along Medical Video, USMLE Step 2 CK, USMLE Step 3, MRCOG, ABOG, Maternal Fetal Medicine, High Risk Pregnancy, Delivery","Williams Obstetrics, 26th Edition
Section 8: Delivery
Chapter 28: Singleton Breech Delivery

🎧 Complete 1080p Read-Along Video with synchronized sentence-level subtitles and neural audio narration.
📚 Medical Textbook: Williams Obstetrics (26th Edition, McGraw-Hill)

📌 Williams Obstetrics 26e Full Playlist:
https://www.youtube.com/playlist?list=PL_WILLIAMS_OBSTETRICS_26E

━━━━━━━━━━━━━━━━━━━━━━━━━━━━━━━━━━━━━
⏱️ CHAPTER TIMESTAMPS
00:00 - Chapter 28: Singleton Breech Delivery

━━━━━━━━━━━━━━━━━━━━━━━━━━━━━━━━━━━━━
⚕️ CLINICAL & EDUCATIONAL DISCLAIMER
This video and audio narration is intended strictly for medical students, obstetrical residents, physicians, midwives, and healthcare professionals preparing for board examinations (USMLE Step 2 CK, Step 3, MRCOG, Royal College, ABOG, and specialty licensing). Medicine and pharmacology are constantly evolving fields. Clinicians must always verify diagnostic protocols, drug dosages, and contraindications against primary sources and institutional guidelines."
29,8,Delivery,Operative Vaginal Delivery,Williams Obstetrics (26e) | Ch 29: Operative Vaginal Delivery (Read-Along Audiobook),84,Chapter_29_Operative_Vaginal_Delivery.mp4,/Volumes/Kingston/Gynae/videos/Chapter_29_Operative_Vaginal_Delivery.mp4,31.62,27,public,"Williams Obstetrics, Williams Obstetrics 26th edition, Chapter 29 Operative Vaginal Delivery, Obstetrics, Gynecology, OBGYN, Medical Audiobook, Read Along Medical Video, USMLE Step 2 CK, USMLE Step 3, MRCOG, ABOG, Maternal Fetal Medicine, High Risk Pregnancy, Delivery","Williams Obstetrics, 26th Edition
Section 8: Delivery
Chapter 29: Operative Vaginal Delivery

🎧 Complete 1080p Read-Along Video with synchronized sentence-level subtitles and neural audio narration.
📚 Medical Textbook: Williams Obstetrics (26th Edition, McGraw-Hill)

📌 Williams Obstetrics 26e Full Playlist:
https://www.youtube.com/playlist?list=PL_WILLIAMS_OBSTETRICS_26E

━━━━━━━━━━━━━━━━━━━━━━━━━━━━━━━━━━━━━
⏱️ CHAPTER TIMESTAMPS
00:00 - Chapter 29: Operative Vaginal Delivery

━━━━━━━━━━━━━━━━━━━━━━━━━━━━━━━━━━━━━
⚕️ CLINICAL & EDUCATIONAL DISCLAIMER
This video and audio narration is intended strictly for medical students, obstetrical residents, physicians, midwives, and healthcare professionals preparing for board examinations (USMLE Step 2 CK, Step 3, MRCOG, Royal College, ABOG, and specialty licensing). Medicine and pharmacology are constantly evolving fields. Clinicians must always verify diagnostic protocols, drug dosages, and contraindications against primary sources and institutional guidelines."
30,8,Delivery,Cesarean Delivery and Peripartum,Williams Obstetrics (26e) | Ch 30: Cesarean Delivery and Peripartum (Read-Along Audiobook),90,Chapter_30_Cesarean_Delivery_and_Peripartum_Hysterectomy.mp4,/Volumes/Kingston/Gynae/videos/Chapter_30_Cesarean_Delivery_and_Peripartum_Hysterectomy.mp4,60.97,27,public,"Williams Obstetrics, Williams Obstetrics 26th edition, Chapter 30 Cesarean Delivery and Peripartum, Obstetrics, Gynecology, OBGYN, Medical Audiobook, Read Along Medical Video, USMLE Step 2 CK, USMLE Step 3, MRCOG, ABOG, Maternal Fetal Medicine, High Risk Pregnancy, Delivery","Williams Obstetrics, 26th Edition
Section 8: Delivery
Chapter 30: Cesarean Delivery and Peripartum

🎧 Complete 1080p Read-Along Video with synchronized sentence-level subtitles and neural audio narration.
📚 Medical Textbook: Williams Obstetrics (26th Edition, McGraw-Hill)

📌 Williams Obstetrics 26e Full Playlist:
https://www.youtube.com/playlist?list=PL_WILLIAMS_OBSTETRICS_26E

━━━━━━━━━━━━━━━━━━━━━━━━━━━━━━━━━━━━━
⏱️ CHAPTER TIMESTAMPS
00:00 - Chapter 30: Cesarean Delivery and Peripartum

━━━━━━━━━━━━━━━━━━━━━━━━━━━━━━━━━━━━━
⚕️ CLINICAL & EDUCATIONAL DISCLAIMER
This video and audio narration is intended strictly for medical students, obstetrical residents, physicians, midwives, and healthcare professionals preparing for board examinations (USMLE Step 2 CK, Step 3, MRCOG, Royal College, ABOG, and specialty licensing). Medicine and pharmacology are constantly evolving fields. Clinicians must always verify diagnostic protocols, drug dosages, and contraindications against primary sources and institutional guidelines."
31,8,Delivery,Prior Cesarean Delivery,Williams Obstetrics (26e) | Ch 31: Prior Cesarean Delivery (Read-Along Audiobook),81,Chapter_31_Prior_Cesarean_Delivery.mp4,/Volumes/Kingston/Gynae/videos/Chapter_31_Prior_Cesarean_Delivery.mp4,31.11,27,public,"Williams Obstetrics, Williams Obstetrics 26th edition, Chapter 31 Prior Cesarean Delivery, Obstetrics, Gynecology, OBGYN, Medical Audiobook, Read Along Medical Video, USMLE Step 2 CK, USMLE Step 3, MRCOG, ABOG, Maternal Fetal Medicine, High Risk Pregnancy, Delivery","Williams Obstetrics, 26th Edition
Section 8: Delivery
Chapter 31: Prior Cesarean Delivery

🎧 Complete 1080p Read-Along Video with synchronized sentence-level subtitles and neural audio narration.
📚 Medical Textbook: Williams Obstetrics (26th Edition, McGraw-Hill)

📌 Williams Obstetrics 26e Full Playlist:
https://www.youtube.com/playlist?list=PL_WILLIAMS_OBSTETRICS_26E

━━━━━━━━━━━━━━━━━━━━━━━━━━━━━━━━━━━━━
⏱️ CHAPTER TIMESTAMPS
00:00 - Chapter 31: Prior Cesarean Delivery

━━━━━━━━━━━━━━━━━━━━━━━━━━━━━━━━━━━━━
⚕️ CLINICAL & EDUCATIONAL DISCLAIMER
This video and audio narration is intended strictly for medical students, obstetrical residents, physicians, midwives, and healthcare professionals preparing for board examinations (USMLE Step 2 CK, Step 3, MRCOG, Royal College, ABOG, and specialty licensing). Medicine and pharmacology are constantly evolving fields. Clinicians must always verify diagnostic protocols, drug dosages, and contraindications against primary sources and institutional guidelines."
32,9,The Newborn,The Newborn,Williams Obstetrics (26e) | Ch 32: The Newborn (Read-Along Audiobook),69,Chapter_32_The_Newborn.mp4,/Volumes/Kingston/Gynae/videos/Chapter_32_The_Newborn.mp4,33.66,27,public,"Williams Obstetrics, Williams Obstetrics 26th edition, Chapter 32 The Newborn, Obstetrics, Gynecology, OBGYN, Medical Audiobook, Read Along Medical Video, USMLE Step 2 CK, USMLE Step 3, MRCOG, ABOG, Maternal Fetal Medicine, High Risk Pregnancy, The Newborn","Williams Obstetrics, 26th Edition
Section 9: The Newborn
Chapter 32: The Newborn

🎧 Complete 1080p Read-Along Video with synchronized sentence-level subtitles and neural audio narration.
📚 Medical Textbook: Williams Obstetrics (26th Edition, McGraw-Hill)

📌 Williams Obstetrics 26e Full Playlist:
https://www.youtube.com/playlist?list=PL_WILLIAMS_OBSTETRICS_26E

━━━━━━━━━━━━━━━━━━━━━━━━━━━━━━━━━━━━━
⏱️ CHAPTER TIMESTAMPS
00:00 - Chapter 32: The Newborn

━━━━━━━━━━━━━━━━━━━━━━━━━━━━━━━━━━━━━
⚕️ CLINICAL & EDUCATIONAL DISCLAIMER
This video and audio narration is intended strictly for medical students, obstetrical residents, physicians, midwives, and healthcare professionals preparing for board examinations (USMLE Step 2 CK, Step 3, MRCOG, Royal College, ABOG, and specialty licensing). Medicine and pharmacology are constantly evolving fields. Clinicians must always verify diagnostic protocols, drug dosages, and contraindications against primary sources and institutional guidelines."
33,9,The Newborn,Complications of the Term Newborn,Williams Obstetrics (26e) | Ch 33: Complications of the Term Newborn (Read-Along Audiobook),91,Chapter_33_Complications_of_the_Term_Newborn.mp4,/Volumes/Kingston/Gynae/videos/Chapter_33_Complications_of_the_Term_Newborn.mp4,42.42,27,public,"Williams Obstetrics, Williams Obstetrics 26th edition, Chapter 33 Complications of the Term Newborn, Obstetrics, Gynecology, OBGYN, Medical Audiobook, Read Along Medical Video, USMLE Step 2 CK, USMLE Step 3, MRCOG, ABOG, Maternal Fetal Medicine, High Risk Pregnancy, The Newborn","Williams Obstetrics, 26th Edition
Section 9: The Newborn
Chapter 33: Complications of the Term Newborn

🎧 Complete 1080p Read-Along Video with synchronized sentence-level subtitles and neural audio narration.
📚 Medical Textbook: Williams Obstetrics (26th Edition, McGraw-Hill)

📌 Williams Obstetrics 26e Full Playlist:
https://www.youtube.com/playlist?list=PL_WILLIAMS_OBSTETRICS_26E

━━━━━━━━━━━━━━━━━━━━━━━━━━━━━━━━━━━━━
⏱️ CHAPTER TIMESTAMPS
00:00 - Chapter 33: Complications of the Term Newborn

━━━━━━━━━━━━━━━━━━━━━━━━━━━━━━━━━━━━━
⚕️ CLINICAL & EDUCATIONAL DISCLAIMER
This video and audio narration is intended strictly for medical students, obstetrical residents, physicians, midwives, and healthcare professionals preparing for board examinations (USMLE Step 2 CK, Step 3, MRCOG, Royal College, ABOG, and specialty licensing). Medicine and pharmacology are constantly evolving fields. Clinicians must always verify diagnostic protocols, drug dosages, and contraindications against primary sources and institutional guidelines."
34,9,The Newborn,The Preterm Newborn,Williams Obstetrics (26e) | Ch 34: The Preterm Newborn (Read-Along Audiobook),77,Chapter_34_The_Preterm_Newborn.mp4,/Volumes/Kingston/Gynae/videos/Chapter_34_The_Preterm_Newborn.mp4,23.74,27,public,"Williams Obstetrics, Williams Obstetrics 26th edition, Chapter 34 The Preterm Newborn, Obstetrics, Gynecology, OBGYN, Medical Audiobook, Read Along Medical Video, USMLE Step 2 CK, USMLE Step 3, MRCOG, ABOG, Maternal Fetal Medicine, High Risk Pregnancy, The Newborn","Williams Obstetrics, 26th Edition
Section 9: The Newborn
Chapter 34: The Preterm Newborn

🎧 Complete 1080p Read-Along Video with synchronized sentence-level subtitles and neural audio narration.
📚 Medical Textbook: Williams Obstetrics (26th Edition, McGraw-Hill)

📌 Williams Obstetrics 26e Full Playlist:
https://www.youtube.com/playlist?list=PL_WILLIAMS_OBSTETRICS_26E

━━━━━━━━━━━━━━━━━━━━━━━━━━━━━━━━━━━━━
⏱️ CHAPTER TIMESTAMPS
00:00 - Chapter 34: The Preterm Newborn

━━━━━━━━━━━━━━━━━━━━━━━━━━━━━━━━━━━━━
⚕️ CLINICAL & EDUCATIONAL DISCLAIMER
This video and audio narration is intended strictly for medical students, obstetrical residents, physicians, midwives, and healthcare professionals preparing for board examinations (USMLE Step 2 CK, Step 3, MRCOG, Royal College, ABOG, and specialty licensing). Medicine and pharmacology are constantly evolving fields. Clinicians must always verify diagnostic protocols, drug dosages, and contraindications against primary sources and institutional guidelines."
35,9,The Newborn,Stillbirth,Williams Obstetrics (26e) | Ch 35: Stillbirth (Read-Along Audiobook),68,Chapter_35_Stillbirth.mp4,/Volumes/Kingston/Gynae/videos/Chapter_35_Stillbirth.mp4,16.23,27,public,"Williams Obstetrics, Williams Obstetrics 26th edition, Chapter 35 Stillbirth, Obstetrics, Gynecology, OBGYN, Medical Audiobook, Read Along Medical Video, USMLE Step 2 CK, USMLE Step 3, MRCOG, ABOG, Maternal Fetal Medicine, High Risk Pregnancy, The Newborn","Williams Obstetrics, 26th Edition
Section 9: The Newborn
Chapter 35: Stillbirth

🎧 Complete 1080p Read-Along Video with synchronized sentence-level subtitles and neural audio narration.
📚 Medical Textbook: Williams Obstetrics (26th Edition, McGraw-Hill)

📌 Williams Obstetrics 26e Full Playlist:
https://www.youtube.com/playlist?list=PL_WILLIAMS_OBSTETRICS_26E

━━━━━━━━━━━━━━━━━━━━━━━━━━━━━━━━━━━━━
⏱️ CHAPTER TIMESTAMPS
00:00 - Chapter 35: Stillbirth

━━━━━━━━━━━━━━━━━━━━━━━━━━━━━━━━━━━━━
⚕️ CLINICAL & EDUCATIONAL DISCLAIMER
This video and audio narration is intended strictly for medical students, obstetrical residents, physicians, midwives, and healthcare professionals preparing for board examinations (USMLE Step 2 CK, Step 3, MRCOG, Royal College, ABOG, and specialty licensing). Medicine and pharmacology are constantly evolving fields. Clinicians must always verify diagnostic protocols, drug dosages, and contraindications against primary sources and institutional guidelines."
36,10,The Puerperium,The Puerperium,Williams Obstetrics (26e) | Ch 36: The Puerperium (Read-Along Audiobook),72,Chapter_36_The_Puerperium.mp4,/Volumes/Kingston/Gynae/videos/Chapter_36_The_Puerperium.mp4,40.92,27,public,"Williams Obstetrics, Williams Obstetrics 26th edition, Chapter 36 The Puerperium, Obstetrics, Gynecology, OBGYN, Medical Audiobook, Read Along Medical Video, USMLE Step 2 CK, USMLE Step 3, MRCOG, ABOG, Maternal Fetal Medicine, High Risk Pregnancy, The Puerperium","Williams Obstetrics, 26th Edition
Section 10: The Puerperium
Chapter 36: The Puerperium

🎧 Complete 1080p Read-Along Video with synchronized sentence-level subtitles and neural audio narration.
📚 Medical Textbook: Williams Obstetrics (26th Edition, McGraw-Hill)

📌 Williams Obstetrics 26e Full Playlist:
https://www.youtube.com/playlist?list=PL_WILLIAMS_OBSTETRICS_26E

━━━━━━━━━━━━━━━━━━━━━━━━━━━━━━━━━━━━━
⏱️ CHAPTER TIMESTAMPS
00:00 - Chapter 36: The Puerperium

━━━━━━━━━━━━━━━━━━━━━━━━━━━━━━━━━━━━━
⚕️ CLINICAL & EDUCATIONAL DISCLAIMER
This video and audio narration is intended strictly for medical students, obstetrical residents, physicians, midwives, and healthcare professionals preparing for board examinations (USMLE Step 2 CK, Step 3, MRCOG, Royal College, ABOG, and specialty licensing). Medicine and pharmacology are constantly evolving fields. Clinicians must always verify diagnostic protocols, drug dosages, and contraindications against primary sources and institutional guidelines."
37,10,The Puerperium,Puerperal Infection,Williams Obstetrics (26e) | Ch 37: Puerperal Infection (Read-Along Audiobook),77,Chapter_37_Puerperal_Infection.mp4,/Volumes/Kingston/Gynae/videos/Chapter_37_Puerperal_Infection.mp4,38.6,27,public,"Williams Obstetrics, Williams Obstetrics 26th edition, Chapter 37 Puerperal Infection, Obstetrics, Gynecology, OBGYN, Medical Audiobook, Read Along Medical Video, USMLE Step 2 CK, USMLE Step 3, MRCOG, ABOG, Maternal Fetal Medicine, High Risk Pregnancy, The Puerperium","Williams Obstetrics, 26th Edition
Section 10: The Puerperium
Chapter 37: Puerperal Infection

🎧 Complete 1080p Read-Along Video with synchronized sentence-level subtitles and neural audio narration.
📚 Medical Textbook: Williams Obstetrics (26th Edition, McGraw-Hill)

📌 Williams Obstetrics 26e Full Playlist:
https://www.youtube.com/playlist?list=PL_WILLIAMS_OBSTETRICS_26E

━━━━━━━━━━━━━━━━━━━━━━━━━━━━━━━━━━━━━
⏱️ CHAPTER TIMESTAMPS
00:00 - Chapter 37: Puerperal Infection

━━━━━━━━━━━━━━━━━━━━━━━━━━━━━━━━━━━━━
⚕️ CLINICAL & EDUCATIONAL DISCLAIMER
This video and audio narration is intended strictly for medical students, obstetrical residents, physicians, midwives, and healthcare professionals preparing for board examinations (USMLE Step 2 CK, Step 3, MRCOG, Royal College, ABOG, and specialty licensing). Medicine and pharmacology are constantly evolving fields. Clinicians must always verify diagnostic protocols, drug dosages, and contraindications against primary sources and institutional guidelines."
38,10,The Puerperium,Contraception,Williams Obstetrics (26e) | Ch 38: Contraception (Read-Along Audiobook),71,Chapter_38_Contraception.mp4,/Volumes/Kingston/Gynae/videos/Chapter_38_Contraception.mp4,40.81,27,public,"Williams Obstetrics, Williams Obstetrics 26th edition, Chapter 38 Contraception, Obstetrics, Gynecology, OBGYN, Medical Audiobook, Read Along Medical Video, USMLE Step 2 CK, USMLE Step 3, MRCOG, ABOG, Maternal Fetal Medicine, High Risk Pregnancy, The Puerperium","Williams Obstetrics, 26th Edition
Section 10: The Puerperium
Chapter 38: Contraception

🎧 Complete 1080p Read-Along Video with synchronized sentence-level subtitles and neural audio narration.
📚 Medical Textbook: Williams Obstetrics (26th Edition, McGraw-Hill)

📌 Williams Obstetrics 26e Full Playlist:
https://www.youtube.com/playlist?list=PL_WILLIAMS_OBSTETRICS_26E

━━━━━━━━━━━━━━━━━━━━━━━━━━━━━━━━━━━━━
⏱️ CHAPTER TIMESTAMPS
00:00 - Chapter 38: Contraception

━━━━━━━━━━━━━━━━━━━━━━━━━━━━━━━━━━━━━
⚕️ CLINICAL & EDUCATIONAL DISCLAIMER
This video and audio narration is intended strictly for medical students, obstetrical residents, physicians, midwives, and healthcare professionals preparing for board examinations (USMLE Step 2 CK, Step 3, MRCOG, Royal College, ABOG, and specialty licensing). Medicine and pharmacology are constantly evolving fields. Clinicians must always verify diagnostic protocols, drug dosages, and contraindications against primary sources and institutional guidelines."
39,10,The Puerperium,Sterilization,Williams Obstetrics (26e) | Ch 39: Sterilization (Read-Along Audiobook),71,Chapter_39_Sterilization.mp4,/Volumes/Kingston/Gynae/videos/Chapter_39_Sterilization.mp4,13.54,27,public,"Williams Obstetrics, Williams Obstetrics 26th edition, Chapter 39 Sterilization, Obstetrics, Gynecology, OBGYN, Medical Audiobook, Read Along Medical Video, USMLE Step 2 CK, USMLE Step 3, MRCOG, ABOG, Maternal Fetal Medicine, High Risk Pregnancy, The Puerperium","Williams Obstetrics, 26th Edition
Section 10: The Puerperium
Chapter 39: Sterilization

🎧 Complete 1080p Read-Along Video with synchronized sentence-level subtitles and neural audio narration.
📚 Medical Textbook: Williams Obstetrics (26th Edition, McGraw-Hill)

📌 Williams Obstetrics 26e Full Playlist:
https://www.youtube.com/playlist?list=PL_WILLIAMS_OBSTETRICS_26E

━━━━━━━━━━━━━━━━━━━━━━━━━━━━━━━━━━━━━
⏱️ CHAPTER TIMESTAMPS
00:00 - Chapter 39: Sterilization

━━━━━━━━━━━━━━━━━━━━━━━━━━━━━━━━━━━━━
⚕️ CLINICAL & EDUCATIONAL DISCLAIMER
This video and audio narration is intended strictly for medical students, obstetrical residents, physicians, midwives, and healthcare professionals preparing for board examinations (USMLE Step 2 CK, Step 3, MRCOG, Royal College, ABOG, and specialty licensing). Medicine and pharmacology are constantly evolving fields. Clinicians must always verify diagnostic protocols, drug dosages, and contraindications against primary sources and institutional guidelines."
40,11,Obstetrical Complications,Preeclampsia Syndrome,Williams Obstetrics (26e) | Ch 40: Preeclampsia Syndrome (Read-Along Audiobook),79,Chapter_40_Preeclampsia_Syndrome.mp4,/Volumes/Kingston/Gynae/videos/Chapter_40_Preeclampsia_Syndrome.mp4,58.42,27,public,"Williams Obstetrics, Williams Obstetrics 26th edition, Chapter 40 Preeclampsia Syndrome, Obstetrics, Gynecology, OBGYN, Medical Audiobook, Read Along Medical Video, USMLE Step 2 CK, USMLE Step 3, MRCOG, ABOG, Maternal Fetal Medicine, High Risk Pregnancy, Obstetrical Complications","Williams Obstetrics, 26th Edition
Section 11: Obstetrical Complications
Chapter 40: Preeclampsia Syndrome

🎧 Complete 1080p Read-Along Video with synchronized sentence-level subtitles and neural audio narration.
📚 Medical Textbook: Williams Obstetrics (26th Edition, McGraw-Hill)

📌 Williams Obstetrics 26e Full Playlist:
https://www.youtube.com/playlist?list=PL_WILLIAMS_OBSTETRICS_26E

━━━━━━━━━━━━━━━━━━━━━━━━━━━━━━━━━━━━━
⏱️ CHAPTER TIMESTAMPS
00:00 - Chapter 40: Preeclampsia Syndrome

━━━━━━━━━━━━━━━━━━━━━━━━━━━━━━━━━━━━━
⚕️ CLINICAL & EDUCATIONAL DISCLAIMER
This video and audio narration is intended strictly for medical students, obstetrical residents, physicians, midwives, and healthcare professionals preparing for board examinations (USMLE Step 2 CK, Step 3, MRCOG, Royal College, ABOG, and specialty licensing). Medicine and pharmacology are constantly evolving fields. Clinicians must always verify diagnostic protocols, drug dosages, and contraindications against primary sources and institutional guidelines."
41,11,Obstetrical Complications,Clinical Management of the Preeclampsia,Williams Obstetrics (26e) | Ch 41: Clinical Management of the Preeclampsia (Read-Along Audiobook),97,Chapter_41_Clinical_Management_of_the_Preeclampsia_Syndrome.mp4,/Volumes/Kingston/Gynae/videos/Chapter_41_Clinical_Management_of_the_Preeclampsia_Syndrome.mp4,50.04,27,public,"Williams Obstetrics, Williams Obstetrics 26th edition, Chapter 41 Clinical Management of the Preeclampsia, Obstetrics, Gynecology, OBGYN, Medical Audiobook, Read Along Medical Video, USMLE Step 2 CK, USMLE Step 3, MRCOG, ABOG, Maternal Fetal Medicine, High Risk Pregnancy, Obstetrical Complications","Williams Obstetrics, 26th Edition
Section 11: Obstetrical Complications
Chapter 41: Clinical Management of the Preeclampsia

🎧 Complete 1080p Read-Along Video with synchronized sentence-level subtitles and neural audio narration.
📚 Medical Textbook: Williams Obstetrics (26th Edition, McGraw-Hill)

📌 Williams Obstetrics 26e Full Playlist:
https://www.youtube.com/playlist?list=PL_WILLIAMS_OBSTETRICS_26E

━━━━━━━━━━━━━━━━━━━━━━━━━━━━━━━━━━━━━
⏱️ CHAPTER TIMESTAMPS
00:00 - Chapter 41: Clinical Management of the Preeclampsia

━━━━━━━━━━━━━━━━━━━━━━━━━━━━━━━━━━━━━
⚕️ CLINICAL & EDUCATIONAL DISCLAIMER
This video and audio narration is intended strictly for medical students, obstetrical residents, physicians, midwives, and healthcare professionals preparing for board examinations (USMLE Step 2 CK, Step 3, MRCOG, Royal College, ABOG, and specialty licensing). Medicine and pharmacology are constantly evolving fields. Clinicians must always verify diagnostic protocols, drug dosages, and contraindications against primary sources and institutional guidelines."
42,11,Obstetrical Complications,Causes of Obstetrical Hemorrhage,Williams Obstetrics (26e) | Ch 42: Causes of Obstetrical Hemorrhage (Read-Along Audiobook),90,Chapter_42_Causes_of_Obstetrical_Hemorrhage.mp4,/Volumes/Kingston/Gynae/videos/Chapter_42_Causes_of_Obstetrical_Hemorrhage.mp4,44.16,27,public,"Williams Obstetrics, Williams Obstetrics 26th edition, Chapter 42 Causes of Obstetrical Hemorrhage, Obstetrics, Gynecology, OBGYN, Medical Audiobook, Read Along Medical Video, USMLE Step 2 CK, USMLE Step 3, MRCOG, ABOG, Maternal Fetal Medicine, High Risk Pregnancy, Obstetrical Complications","Williams Obstetrics, 26th Edition
Section 11: Obstetrical Complications
Chapter 42: Causes of Obstetrical Hemorrhage

🎧 Complete 1080p Read-Along Video with synchronized sentence-level subtitles and neural audio narration.
📚 Medical Textbook: Williams Obstetrics (26th Edition, McGraw-Hill)

📌 Williams Obstetrics 26e Full Playlist:
https://www.youtube.com/playlist?list=PL_WILLIAMS_OBSTETRICS_26E

━━━━━━━━━━━━━━━━━━━━━━━━━━━━━━━━━━━━━
⏱️ CHAPTER TIMESTAMPS
00:00 - Chapter 42: Causes of Obstetrical Hemorrhage

━━━━━━━━━━━━━━━━━━━━━━━━━━━━━━━━━━━━━
⚕️ CLINICAL & EDUCATIONAL DISCLAIMER
This video and audio narration is intended strictly for medical students, obstetrical residents, physicians, midwives, and healthcare professionals preparing for board examinations (USMLE Step 2 CK, Step 3, MRCOG, Royal College, ABOG, and specialty licensing). Medicine and pharmacology are constantly evolving fields. Clinicians must always verify diagnostic protocols, drug dosages, and contraindications against primary sources and institutional guidelines."
43,11,Obstetrical Complications,Hemorrhagic Placental Disorders,Williams Obstetrics (26e) | Ch 43: Hemorrhagic Placental Disorders (Read-Along Audiobook),89,Chapter_43_Hemorrhagic_Placental_Disorders.mp4,/Volumes/Kingston/Gynae/videos/Chapter_43_Hemorrhagic_Placental_Disorders.mp4,52.51,27,public,"Williams Obstetrics, Williams Obstetrics 26th edition, Chapter 43 Hemorrhagic Placental Disorders, Obstetrics, Gynecology, OBGYN, Medical Audiobook, Read Along Medical Video, USMLE Step 2 CK, USMLE Step 3, MRCOG, ABOG, Maternal Fetal Medicine, High Risk Pregnancy, Obstetrical Complications","Williams Obstetrics, 26th Edition
Section 11: Obstetrical Complications
Chapter 43: Hemorrhagic Placental Disorders

🎧 Complete 1080p Read-Along Video with synchronized sentence-level subtitles and neural audio narration.
📚 Medical Textbook: Williams Obstetrics (26th Edition, McGraw-Hill)

📌 Williams Obstetrics 26e Full Playlist:
https://www.youtube.com/playlist?list=PL_WILLIAMS_OBSTETRICS_26E

━━━━━━━━━━━━━━━━━━━━━━━━━━━━━━━━━━━━━
⏱️ CHAPTER TIMESTAMPS
00:00 - Chapter 43: Hemorrhagic Placental Disorders

━━━━━━━━━━━━━━━━━━━━━━━━━━━━━━━━━━━━━
⚕️ CLINICAL & EDUCATIONAL DISCLAIMER
This video and audio narration is intended strictly for medical students, obstetrical residents, physicians, midwives, and healthcare professionals preparing for board examinations (USMLE Step 2 CK, Step 3, MRCOG, Royal College, ABOG, and specialty licensing). Medicine and pharmacology are constantly evolving fields. Clinicians must always verify diagnostic protocols, drug dosages, and contraindications against primary sources and institutional guidelines."
44,11,Obstetrical Complications,Management of Obstetrical Hemorrhage,Williams Obstetrics (26e) | Ch 44: Management of Obstetrical Hemorrhage (Read-Along Audiobook),94,Chapter_44_Management_of_Obstetrical_Hemorrhage.mp4,/Volumes/Kingston/Gynae/videos/Chapter_44_Management_of_Obstetrical_Hemorrhage.mp4,36.39,27,public,"Williams Obstetrics, Williams Obstetrics 26th edition, Chapter 44 Management of Obstetrical Hemorrhage, Obstetrics, Gynecology, OBGYN, Medical Audiobook, Read Along Medical Video, USMLE Step 2 CK, USMLE Step 3, MRCOG, ABOG, Maternal Fetal Medicine, High Risk Pregnancy, Obstetrical Complications","Williams Obstetrics, 26th Edition
Section 11: Obstetrical Complications
Chapter 44: Management of Obstetrical Hemorrhage

🎧 Complete 1080p Read-Along Video with synchronized sentence-level subtitles and neural audio narration.
📚 Medical Textbook: Williams Obstetrics (26th Edition, McGraw-Hill)

📌 Williams Obstetrics 26e Full Playlist:
https://www.youtube.com/playlist?list=PL_WILLIAMS_OBSTETRICS_26E

━━━━━━━━━━━━━━━━━━━━━━━━━━━━━━━━━━━━━
⏱️ CHAPTER TIMESTAMPS
00:00 - Chapter 44: Management of Obstetrical Hemorrhage

━━━━━━━━━━━━━━━━━━━━━━━━━━━━━━━━━━━━━
⚕️ CLINICAL & EDUCATIONAL DISCLAIMER
This video and audio narration is intended strictly for medical students, obstetrical residents, physicians, midwives, and healthcare professionals preparing for board examinations (USMLE Step 2 CK, Step 3, MRCOG, Royal College, ABOG, and specialty licensing). Medicine and pharmacology are constantly evolving fields. Clinicians must always verify diagnostic protocols, drug dosages, and contraindications against primary sources and institutional guidelines."
45,11,Obstetrical Complications,Preterm Birth,Williams Obstetrics (26e) | Ch 45: Preterm Birth (Read-Along Audiobook),71,Chapter_45_Preterm_Birth.mp4,/Volumes/Kingston/Gynae/videos/Chapter_45_Preterm_Birth.mp4,84.09,27,public,"Williams Obstetrics, Williams Obstetrics 26th edition, Chapter 45 Preterm Birth, Obstetrics, Gynecology, OBGYN, Medical Audiobook, Read Along Medical Video, USMLE Step 2 CK, USMLE Step 3, MRCOG, ABOG, Maternal Fetal Medicine, High Risk Pregnancy, Obstetrical Complications","Williams Obstetrics, 26th Edition
Section 11: Obstetrical Complications
Chapter 45: Preterm Birth

🎧 Complete 1080p Read-Along Video with synchronized sentence-level subtitles and neural audio narration.
📚 Medical Textbook: Williams Obstetrics (26th Edition, McGraw-Hill)

📌 Williams Obstetrics 26e Full Playlist:
https://www.youtube.com/playlist?list=PL_WILLIAMS_OBSTETRICS_26E

━━━━━━━━━━━━━━━━━━━━━━━━━━━━━━━━━━━━━
⏱️ CHAPTER TIMESTAMPS
00:00 - Chapter 45: Preterm Birth

━━━━━━━━━━━━━━━━━━━━━━━━━━━━━━━━━━━━━
⚕️ CLINICAL & EDUCATIONAL DISCLAIMER
This video and audio narration is intended strictly for medical students, obstetrical residents, physicians, midwives, and healthcare professionals preparing for board examinations (USMLE Step 2 CK, Step 3, MRCOG, Royal College, ABOG, and specialty licensing). Medicine and pharmacology are constantly evolving fields. Clinicians must always verify diagnostic protocols, drug dosages, and contraindications against primary sources and institutional guidelines."
46,11,Obstetrical Complications,Postterm Pregnancy,Williams Obstetrics (26e) | Ch 46: Postterm Pregnancy (Read-Along Audiobook),76,Chapter_46_Postterm_Pregnancy.mp4,/Volumes/Kingston/Gynae/videos/Chapter_46_Postterm_Pregnancy.mp4,18.27,27,public,"Williams Obstetrics, Williams Obstetrics 26th edition, Chapter 46 Postterm Pregnancy, Obstetrics, Gynecology, OBGYN, Medical Audiobook, Read Along Medical Video, USMLE Step 2 CK, USMLE Step 3, MRCOG, ABOG, Maternal Fetal Medicine, High Risk Pregnancy, Obstetrical Complications","Williams Obstetrics, 26th Edition
Section 11: Obstetrical Complications
Chapter 46: Postterm Pregnancy

🎧 Complete 1080p Read-Along Video with synchronized sentence-level subtitles and neural audio narration.
📚 Medical Textbook: Williams Obstetrics (26th Edition, McGraw-Hill)

📌 Williams Obstetrics 26e Full Playlist:
https://www.youtube.com/playlist?list=PL_WILLIAMS_OBSTETRICS_26E

━━━━━━━━━━━━━━━━━━━━━━━━━━━━━━━━━━━━━
⏱️ CHAPTER TIMESTAMPS
00:00 - Chapter 46: Postterm Pregnancy

━━━━━━━━━━━━━━━━━━━━━━━━━━━━━━━━━━━━━
⚕️ CLINICAL & EDUCATIONAL DISCLAIMER
This video and audio narration is intended strictly for medical students, obstetrical residents, physicians, midwives, and healthcare professionals preparing for board examinations (USMLE Step 2 CK, Step 3, MRCOG, Royal College, ABOG, and specialty licensing). Medicine and pharmacology are constantly evolving fields. Clinicians must always verify diagnostic protocols, drug dosages, and contraindications against primary sources and institutional guidelines."
47,11,Obstetrical Complications,Fetal-Growth Disorders,Williams Obstetrics (26e) | Ch 47: Fetal-Growth Disorders (Read-Along Audiobook),80,Chapter_47_Fetal_Growth_Disorders.mp4,/Volumes/Kingston/Gynae/videos/Chapter_47_Fetal_Growth_Disorders.mp4,37.67,27,public,"Williams Obstetrics, Williams Obstetrics 26th edition, Chapter 47 Fetal-Growth Disorders, Obstetrics, Gynecology, OBGYN, Medical Audiobook, Read Along Medical Video, USMLE Step 2 CK, USMLE Step 3, MRCOG, ABOG, Maternal Fetal Medicine, High Risk Pregnancy, Obstetrical Complications","Williams Obstetrics, 26th Edition
Section 11: Obstetrical Complications
Chapter 47: Fetal-Growth Disorders

🎧 Complete 1080p Read-Along Video with synchronized sentence-level subtitles and neural audio narration.
📚 Medical Textbook: Williams Obstetrics (26th Edition, McGraw-Hill)

📌 Williams Obstetrics 26e Full Playlist:
https://www.youtube.com/playlist?list=PL_WILLIAMS_OBSTETRICS_26E

━━━━━━━━━━━━━━━━━━━━━━━━━━━━━━━━━━━━━
⏱️ CHAPTER TIMESTAMPS
00:00 - Chapter 47: Fetal-Growth Disorders

━━━━━━━━━━━━━━━━━━━━━━━━━━━━━━━━━━━━━
⚕️ CLINICAL & EDUCATIONAL DISCLAIMER
This video and audio narration is intended strictly for medical students, obstetrical residents, physicians, midwives, and healthcare professionals preparing for board examinations (USMLE Step 2 CK, Step 3, MRCOG, Royal College, ABOG, and specialty licensing). Medicine and pharmacology are constantly evolving fields. Clinicians must always verify diagnostic protocols, drug dosages, and contraindications against primary sources and institutional guidelines."
48,11,Obstetrical Complications,Multifetal Pregnancy,Williams Obstetrics (26e) | Ch 48: Multifetal Pregnancy (Read-Along Audiobook),78,Chapter_48_Multifetal_Pregnancy.mp4,/Volumes/Kingston/Gynae/videos/Chapter_48_Multifetal_Pregnancy.mp4,70.13,27,public,"Williams Obstetrics, Williams Obstetrics 26th edition, Chapter 48 Multifetal Pregnancy, Obstetrics, Gynecology, OBGYN, Medical Audiobook, Read Along Medical Video, USMLE Step 2 CK, USMLE Step 3, MRCOG, ABOG, Maternal Fetal Medicine, High Risk Pregnancy, Obstetrical Complications","Williams Obstetrics, 26th Edition
Section 11: Obstetrical Complications
Chapter 48: Multifetal Pregnancy

🎧 Complete 1080p Read-Along Video with synchronized sentence-level subtitles and neural audio narration.
📚 Medical Textbook: Williams Obstetrics (26th Edition, McGraw-Hill)

📌 Williams Obstetrics 26e Full Playlist:
https://www.youtube.com/playlist?list=PL_WILLIAMS_OBSTETRICS_26E

━━━━━━━━━━━━━━━━━━━━━━━━━━━━━━━━━━━━━
⏱️ CHAPTER TIMESTAMPS
00:00 - Chapter 48: Multifetal Pregnancy

━━━━━━━━━━━━━━━━━━━━━━━━━━━━━━━━━━━━━
⚕️ CLINICAL & EDUCATIONAL DISCLAIMER
This video and audio narration is intended strictly for medical students, obstetrical residents, physicians, midwives, and healthcare professionals preparing for board examinations (USMLE Step 2 CK, Step 3, MRCOG, Royal College, ABOG, and specialty licensing). Medicine and pharmacology are constantly evolving fields. Clinicians must always verify diagnostic protocols, drug dosages, and contraindications against primary sources and institutional guidelines."
49,12,Medical and Surgical Complications,General Considerations and Maternal,Williams Obstetrics (26e) | Ch 49: General Considerations and Maternal (Read-Along Audiobook),93,Chapter_49_General_Considerations_and_Maternal_Evaluation.mp4,/Volumes/Kingston/Gynae/videos/Chapter_49_General_Considerations_and_Maternal_Evaluation.mp4,31.08,27,public,"Williams Obstetrics, Williams Obstetrics 26th edition, Chapter 49 General Considerations and Maternal, Obstetrics, Gynecology, OBGYN, Medical Audiobook, Read Along Medical Video, USMLE Step 2 CK, USMLE Step 3, MRCOG, ABOG, Maternal Fetal Medicine, High Risk Pregnancy, Medical and Surgical Complications","Williams Obstetrics, 26th Edition
Section 12: Medical and Surgical Complications
Chapter 49: General Considerations and Maternal

🎧 Complete 1080p Read-Along Video with synchronized sentence-level subtitles and neural audio narration.
📚 Medical Textbook: Williams Obstetrics (26th Edition, McGraw-Hill)

📌 Williams Obstetrics 26e Full Playlist:
https://www.youtube.com/playlist?list=PL_WILLIAMS_OBSTETRICS_26E

━━━━━━━━━━━━━━━━━━━━━━━━━━━━━━━━━━━━━
⏱️ CHAPTER TIMESTAMPS
00:00 - Chapter 49: General Considerations and Maternal

━━━━━━━━━━━━━━━━━━━━━━━━━━━━━━━━━━━━━
⚕️ CLINICAL & EDUCATIONAL DISCLAIMER
This video and audio narration is intended strictly for medical students, obstetrical residents, physicians, midwives, and healthcare professionals preparing for board examinations (USMLE Step 2 CK, Step 3, MRCOG, Royal College, ABOG, and specialty licensing). Medicine and pharmacology are constantly evolving fields. Clinicians must always verify diagnostic protocols, drug dosages, and contraindications against primary sources and institutional guidelines."
50,12,Medical and Surgical Complications,Critical Care and Trauma,Williams Obstetrics (26e) | Ch 50: Critical Care and Trauma (Read-Along Audiobook),82,Chapter_50_Critical_Care_and_Trauma.mp4,/Volumes/Kingston/Gynae/videos/Chapter_50_Critical_Care_and_Trauma.mp4,52.52,27,public,"Williams Obstetrics, Williams Obstetrics 26th edition, Chapter 50 Critical Care and Trauma, Obstetrics, Gynecology, OBGYN, Medical Audiobook, Read Along Medical Video, USMLE Step 2 CK, USMLE Step 3, MRCOG, ABOG, Maternal Fetal Medicine, High Risk Pregnancy, Medical and Surgical Complications","Williams Obstetrics, 26th Edition
Section 12: Medical and Surgical Complications
Chapter 50: Critical Care and Trauma

🎧 Complete 1080p Read-Along Video with synchronized sentence-level subtitles and neural audio narration.
📚 Medical Textbook: Williams Obstetrics (26th Edition, McGraw-Hill)

📌 Williams Obstetrics 26e Full Playlist:
https://www.youtube.com/playlist?list=PL_WILLIAMS_OBSTETRICS_26E

━━━━━━━━━━━━━━━━━━━━━━━━━━━━━━━━━━━━━
⏱️ CHAPTER TIMESTAMPS
00:00 - Chapter 50: Critical Care and Trauma

━━━━━━━━━━━━━━━━━━━━━━━━━━━━━━━━━━━━━
⚕️ CLINICAL & EDUCATIONAL DISCLAIMER
This video and audio narration is intended strictly for medical students, obstetrical residents, physicians, midwives, and healthcare professionals preparing for board examinations (USMLE Step 2 CK, Step 3, MRCOG, Royal College, ABOG, and specialty licensing). Medicine and pharmacology are constantly evolving fields. Clinicians must always verify diagnostic protocols, drug dosages, and contraindications against primary sources and institutional guidelines."
51,12,Medical and Surgical Complications,Obesity,Williams Obstetrics (26e) | Ch 51: Obesity (Read-Along Audiobook),65,Chapter_51_Obesity.mp4,/Volumes/Kingston/Gynae/videos/Chapter_51_Obesity.mp4,26.67,27,public,"Williams Obstetrics, Williams Obstetrics 26th edition, Chapter 51 Obesity, Obstetrics, Gynecology, OBGYN, Medical Audiobook, Read Along Medical Video, USMLE Step 2 CK, USMLE Step 3, MRCOG, ABOG, Maternal Fetal Medicine, High Risk Pregnancy, Medical and Surgical Complications","Williams Obstetrics, 26th Edition
Section 12: Medical and Surgical Complications
Chapter 51: Obesity

🎧 Complete 1080p Read-Along Video with synchronized sentence-level subtitles and neural audio narration.
📚 Medical Textbook: Williams Obstetrics (26th Edition, McGraw-Hill)

📌 Williams Obstetrics 26e Full Playlist:
https://www.youtube.com/playlist?list=PL_WILLIAMS_OBSTETRICS_26E

━━━━━━━━━━━━━━━━━━━━━━━━━━━━━━━━━━━━━
⏱️ CHAPTER TIMESTAMPS
00:00 - Chapter 51: Obesity

━━━━━━━━━━━━━━━━━━━━━━━━━━━━━━━━━━━━━
⚕️ CLINICAL & EDUCATIONAL DISCLAIMER
This video and audio narration is intended strictly for medical students, obstetrical residents, physicians, midwives, and healthcare professionals preparing for board examinations (USMLE Step 2 CK, Step 3, MRCOG, Royal College, ABOG, and specialty licensing). Medicine and pharmacology are constantly evolving fields. Clinicians must always verify diagnostic protocols, drug dosages, and contraindications against primary sources and institutional guidelines."
52,12,Medical and Surgical Complications,Cardiovascular Disorders,Williams Obstetrics (26e) | Ch 52: Cardiovascular Disorders (Read-Along Audiobook),82,Chapter_52_Cardiovascular_Disorders.mp4,/Volumes/Kingston/Gynae/videos/Chapter_52_Cardiovascular_Disorders.mp4,77.81,27,public,"Williams Obstetrics, Williams Obstetrics 26th edition, Chapter 52 Cardiovascular Disorders, Obstetrics, Gynecology, OBGYN, Medical Audiobook, Read Along Medical Video, USMLE Step 2 CK, USMLE Step 3, MRCOG, ABOG, Maternal Fetal Medicine, High Risk Pregnancy, Medical and Surgical Complications","Williams Obstetrics, 26th Edition
Section 12: Medical and Surgical Complications
Chapter 52: Cardiovascular Disorders

🎧 Complete 1080p Read-Along Video with synchronized sentence-level subtitles and neural audio narration.
📚 Medical Textbook: Williams Obstetrics (26th Edition, McGraw-Hill)

📌 Williams Obstetrics 26e Full Playlist:
https://www.youtube.com/playlist?list=PL_WILLIAMS_OBSTETRICS_26E

━━━━━━━━━━━━━━━━━━━━━━━━━━━━━━━━━━━━━
⏱️ CHAPTER TIMESTAMPS
00:00 - Chapter 52: Cardiovascular Disorders

━━━━━━━━━━━━━━━━━━━━━━━━━━━━━━━━━━━━━
⚕️ CLINICAL & EDUCATIONAL DISCLAIMER
This video and audio narration is intended strictly for medical students, obstetrical residents, physicians, midwives, and healthcare professionals preparing for board examinations (USMLE Step 2 CK, Step 3, MRCOG, Royal College, ABOG, and specialty licensing). Medicine and pharmacology are constantly evolving fields. Clinicians must always verify diagnostic protocols, drug dosages, and contraindications against primary sources and institutional guidelines."
53,12,Medical and Surgical Complications,Chronic Hypertension,Williams Obstetrics (26e) | Ch 53: Chronic Hypertension (Read-Along Audiobook),78,Chapter_53_Chronic_Hypertension.mp4,/Volumes/Kingston/Gynae/videos/Chapter_53_Chronic_Hypertension.mp4,31.49,27,public,"Williams Obstetrics, Williams Obstetrics 26th edition, Chapter 53 Chronic Hypertension, Obstetrics, Gynecology, OBGYN, Medical Audiobook, Read Along Medical Video, USMLE Step 2 CK, USMLE Step 3, MRCOG, ABOG, Maternal Fetal Medicine, High Risk Pregnancy, Medical and Surgical Complications","Williams Obstetrics, 26th Edition
Section 12: Medical and Surgical Complications
Chapter 53: Chronic Hypertension

🎧 Complete 1080p Read-Along Video with synchronized sentence-level subtitles and neural audio narration.
📚 Medical Textbook: Williams Obstetrics (26th Edition, McGraw-Hill)

📌 Williams Obstetrics 26e Full Playlist:
https://www.youtube.com/playlist?list=PL_WILLIAMS_OBSTETRICS_26E

━━━━━━━━━━━━━━━━━━━━━━━━━━━━━━━━━━━━━
⏱️ CHAPTER TIMESTAMPS
00:00 - Chapter 53: Chronic Hypertension

━━━━━━━━━━━━━━━━━━━━━━━━━━━━━━━━━━━━━
⚕️ CLINICAL & EDUCATIONAL DISCLAIMER
This video and audio narration is intended strictly for medical students, obstetrical residents, physicians, midwives, and healthcare professionals preparing for board examinations (USMLE Step 2 CK, Step 3, MRCOG, Royal College, ABOG, and specialty licensing). Medicine and pharmacology are constantly evolving fields. Clinicians must always verify diagnostic protocols, drug dosages, and contraindications against primary sources and institutional guidelines."
54,12,Medical and Surgical Complications,Pulmonary Disorders,Williams Obstetrics (26e) | Ch 54: Pulmonary Disorders (Read-Along Audiobook),77,Chapter_54_Pulmonary_Disorders.mp4,/Volumes/Kingston/Gynae/videos/Chapter_54_Pulmonary_Disorders.mp4,48.06,27,public,"Williams Obstetrics, Williams Obstetrics 26th edition, Chapter 54 Pulmonary Disorders, Obstetrics, Gynecology, OBGYN, Medical Audiobook, Read Along Medical Video, USMLE Step 2 CK, USMLE Step 3, MRCOG, ABOG, Maternal Fetal Medicine, High Risk Pregnancy, Medical and Surgical Complications","Williams Obstetrics, 26th Edition
Section 12: Medical and Surgical Complications
Chapter 54: Pulmonary Disorders

🎧 Complete 1080p Read-Along Video with synchronized sentence-level subtitles and neural audio narration.
📚 Medical Textbook: Williams Obstetrics (26th Edition, McGraw-Hill)

📌 Williams Obstetrics 26e Full Playlist:
https://www.youtube.com/playlist?list=PL_WILLIAMS_OBSTETRICS_26E

━━━━━━━━━━━━━━━━━━━━━━━━━━━━━━━━━━━━━
⏱️ CHAPTER TIMESTAMPS
00:00 - Chapter 54: Pulmonary Disorders

━━━━━━━━━━━━━━━━━━━━━━━━━━━━━━━━━━━━━
⚕️ CLINICAL & EDUCATIONAL DISCLAIMER
This video and audio narration is intended strictly for medical students, obstetrical residents, physicians, midwives, and healthcare professionals preparing for board examinations (USMLE Step 2 CK, Step 3, MRCOG, Royal College, ABOG, and specialty licensing). Medicine and pharmacology are constantly evolving fields. Clinicians must always verify diagnostic protocols, drug dosages, and contraindications against primary sources and institutional guidelines."
55,12,Medical and Surgical Complications,Thromboembolic Disorders,Williams Obstetrics (26e) | Ch 55: Thromboembolic Disorders (Read-Along Audiobook),82,Chapter_55_Thromboembolic_Disorders.mp4,/Volumes/Kingston/Gynae/videos/Chapter_55_Thromboembolic_Disorders.mp4,45.44,27,public,"Williams Obstetrics, Williams Obstetrics 26th edition, Chapter 55 Thromboembolic Disorders, Obstetrics, Gynecology, OBGYN, Medical Audiobook, Read Along Medical Video, USMLE Step 2 CK, USMLE Step 3, MRCOG, ABOG, Maternal Fetal Medicine, High Risk Pregnancy, Medical and Surgical Complications","Williams Obstetrics, 26th Edition
Section 12: Medical and Surgical Complications
Chapter 55: Thromboembolic Disorders

🎧 Complete 1080p Read-Along Video with synchronized sentence-level subtitles and neural audio narration.
📚 Medical Textbook: Williams Obstetrics (26th Edition, McGraw-Hill)

📌 Williams Obstetrics 26e Full Playlist:
https://www.youtube.com/playlist?list=PL_WILLIAMS_OBSTETRICS_26E

━━━━━━━━━━━━━━━━━━━━━━━━━━━━━━━━━━━━━
⏱️ CHAPTER TIMESTAMPS
00:00 - Chapter 55: Thromboembolic Disorders

━━━━━━━━━━━━━━━━━━━━━━━━━━━━━━━━━━━━━
⚕️ CLINICAL & EDUCATIONAL DISCLAIMER
This video and audio narration is intended strictly for medical students, obstetrical residents, physicians, midwives, and healthcare professionals preparing for board examinations (USMLE Step 2 CK, Step 3, MRCOG, Royal College, ABOG, and specialty licensing). Medicine and pharmacology are constantly evolving fields. Clinicians must always verify diagnostic protocols, drug dosages, and contraindications against primary sources and institutional guidelines."
56,12,Medical and Surgical Complications,Renal and Urinary Tract Disorders,Williams Obstetrics (26e) | Ch 56: Renal and Urinary Tract Disorders (Read-Along Audiobook),91,Chapter_56_Renal_and_Urinary_Tract_Disorders.mp4,/Volumes/Kingston/Gynae/videos/Chapter_56_Renal_and_Urinary_Tract_Disorders.mp4,48.75,27,public,"Williams Obstetrics, Williams Obstetrics 26th edition, Chapter 56 Renal and Urinary Tract Disorders, Obstetrics, Gynecology, OBGYN, Medical Audiobook, Read Along Medical Video, USMLE Step 2 CK, USMLE Step 3, MRCOG, ABOG, Maternal Fetal Medicine, High Risk Pregnancy, Medical and Surgical Complications","Williams Obstetrics, 26th Edition
Section 12: Medical and Surgical Complications
Chapter 56: Renal and Urinary Tract Disorders

🎧 Complete 1080p Read-Along Video with synchronized sentence-level subtitles and neural audio narration.
📚 Medical Textbook: Williams Obstetrics (26th Edition, McGraw-Hill)

📌 Williams Obstetrics 26e Full Playlist:
https://www.youtube.com/playlist?list=PL_WILLIAMS_OBSTETRICS_26E

━━━━━━━━━━━━━━━━━━━━━━━━━━━━━━━━━━━━━
⏱️ CHAPTER TIMESTAMPS
00:00 - Chapter 56: Renal and Urinary Tract Disorders

━━━━━━━━━━━━━━━━━━━━━━━━━━━━━━━━━━━━━
⚕️ CLINICAL & EDUCATIONAL DISCLAIMER
This video and audio narration is intended strictly for medical students, obstetrical residents, physicians, midwives, and healthcare professionals preparing for board examinations (USMLE Step 2 CK, Step 3, MRCOG, Royal College, ABOG, and specialty licensing). Medicine and pharmacology are constantly evolving fields. Clinicians must always verify diagnostic protocols, drug dosages, and contraindications against primary sources and institutional guidelines."
57,12,Medical and Surgical Complications,Gastrointestinal Disorders,Williams Obstetrics (26e) | Ch 57: Gastrointestinal Disorders (Read-Along Audiobook),84,Chapter_57_Gastrointestinal_Disorders.mp4,/Volumes/Kingston/Gynae/videos/Chapter_57_Gastrointestinal_Disorders.mp4,41.78,27,public,"Williams Obstetrics, Williams Obstetrics 26th edition, Chapter 57 Gastrointestinal Disorders, Obstetrics, Gynecology, OBGYN, Medical Audiobook, Read Along Medical Video, USMLE Step 2 CK, USMLE Step 3, MRCOG, ABOG, Maternal Fetal Medicine, High Risk Pregnancy, Medical and Surgical Complications","Williams Obstetrics, 26th Edition
Section 12: Medical and Surgical Complications
Chapter 57: Gastrointestinal Disorders

🎧 Complete 1080p Read-Along Video with synchronized sentence-level subtitles and neural audio narration.
📚 Medical Textbook: Williams Obstetrics (26th Edition, McGraw-Hill)

📌 Williams Obstetrics 26e Full Playlist:
https://www.youtube.com/playlist?list=PL_WILLIAMS_OBSTETRICS_26E

━━━━━━━━━━━━━━━━━━━━━━━━━━━━━━━━━━━━━
⏱️ CHAPTER TIMESTAMPS
00:00 - Chapter 57: Gastrointestinal Disorders

━━━━━━━━━━━━━━━━━━━━━━━━━━━━━━━━━━━━━
⚕️ CLINICAL & EDUCATIONAL DISCLAIMER
This video and audio narration is intended strictly for medical students, obstetrical residents, physicians, midwives, and healthcare professionals preparing for board examinations (USMLE Step 2 CK, Step 3, MRCOG, Royal College, ABOG, and specialty licensing). Medicine and pharmacology are constantly evolving fields. Clinicians must always verify diagnostic protocols, drug dosages, and contraindications against primary sources and institutional guidelines."
58,12,Medical and Surgical Complications,"Hepatic, Biliary, and Pancreatic Disorders","Williams Obstetrics (26e) | Ch 58: Hepatic, Biliary, and Pancreatic Disorders (Read-Along Audiobook)",100,Chapter_58_Hepatic_Biliary_and_Pancreatic_Disorders.mp4,/Volumes/Kingston/Gynae/videos/Chapter_58_Hepatic_Biliary_and_Pancreatic_Disorders.mp4,53.27,27,public,"Williams Obstetrics, Williams Obstetrics 26th edition, Chapter 58 Hepatic, Biliary, and Pancreatic Disorders, Obstetrics, Gynecology, OBGYN, Medical Audiobook, Read Along Medical Video, USMLE Step 2 CK, USMLE Step 3, MRCOG, ABOG, Maternal Fetal Medicine, High Risk Pregnancy, Medical and Surgical Complications","Williams Obstetrics, 26th Edition
Section 12: Medical and Surgical Complications
Chapter 58: Hepatic, Biliary, and Pancreatic Disorders

🎧 Complete 1080p Read-Along Video with synchronized sentence-level subtitles and neural audio narration.
📚 Medical Textbook: Williams Obstetrics (26th Edition, McGraw-Hill)

📌 Williams Obstetrics 26e Full Playlist:
https://www.youtube.com/playlist?list=PL_WILLIAMS_OBSTETRICS_26E

━━━━━━━━━━━━━━━━━━━━━━━━━━━━━━━━━━━━━
⏱️ CHAPTER TIMESTAMPS
00:00 - Chapter 58: Hepatic, Biliary, and Pancreatic Disorders

━━━━━━━━━━━━━━━━━━━━━━━━━━━━━━━━━━━━━
⚕️ CLINICAL & EDUCATIONAL DISCLAIMER
This video and audio narration is intended strictly for medical students, obstetrical residents, physicians, midwives, and healthcare professionals preparing for board examinations (USMLE Step 2 CK, Step 3, MRCOG, Royal College, ABOG, and specialty licensing). Medicine and pharmacology are constantly evolving fields. Clinicians must always verify diagnostic protocols, drug dosages, and contraindications against primary sources and institutional guidelines."
59,12,Medical and Surgical Complications,Hematological Disorders,Williams Obstetrics (26e) | Ch 59: Hematological Disorders (Read-Along Audiobook),81,Chapter_59_Hematological_Disorders.mp4,/Volumes/Kingston/Gynae/videos/Chapter_59_Hematological_Disorders.mp4,58.47,27,public,"Williams Obstetrics, Williams Obstetrics 26th edition, Chapter 59 Hematological Disorders, Obstetrics, Gynecology, OBGYN, Medical Audiobook, Read Along Medical Video, USMLE Step 2 CK, USMLE Step 3, MRCOG, ABOG, Maternal Fetal Medicine, High Risk Pregnancy, Medical and Surgical Complications","Williams Obstetrics, 26th Edition
Section 12: Medical and Surgical Complications
Chapter 59: Hematological Disorders

🎧 Complete 1080p Read-Along Video with synchronized sentence-level subtitles and neural audio narration.
📚 Medical Textbook: Williams Obstetrics (26th Edition, McGraw-Hill)

📌 Williams Obstetrics 26e Full Playlist:
https://www.youtube.com/playlist?list=PL_WILLIAMS_OBSTETRICS_26E

━━━━━━━━━━━━━━━━━━━━━━━━━━━━━━━━━━━━━
⏱️ CHAPTER TIMESTAMPS
00:00 - Chapter 59: Hematological Disorders

━━━━━━━━━━━━━━━━━━━━━━━━━━━━━━━━━━━━━
⚕️ CLINICAL & EDUCATIONAL DISCLAIMER
This video and audio narration is intended strictly for medical students, obstetrical residents, physicians, midwives, and healthcare professionals preparing for board examinations (USMLE Step 2 CK, Step 3, MRCOG, Royal College, ABOG, and specialty licensing). Medicine and pharmacology are constantly evolving fields. Clinicians must always verify diagnostic protocols, drug dosages, and contraindications against primary sources and institutional guidelines."
60,12,Medical and Surgical Complications,Diabetes Mellitus,Williams Obstetrics (26e) | Ch 60: Diabetes Mellitus (Read-Along Audiobook),75,Chapter_60_Diabetes_Mellitus.mp4,/Volumes/Kingston/Gynae/videos/Chapter_60_Diabetes_Mellitus.mp4,57.9,27,public,"Williams Obstetrics, Williams Obstetrics 26th edition, Chapter 60 Diabetes Mellitus, Obstetrics, Gynecology, OBGYN, Medical Audiobook, Read Along Medical Video, USMLE Step 2 CK, USMLE Step 3, MRCOG, ABOG, Maternal Fetal Medicine, High Risk Pregnancy, Medical and Surgical Complications","Williams Obstetrics, 26th Edition
Section 12: Medical and Surgical Complications
Chapter 60: Diabetes Mellitus

🎧 Complete 1080p Read-Along Video with synchronized sentence-level subtitles and neural audio narration.
📚 Medical Textbook: Williams Obstetrics (26th Edition, McGraw-Hill)

📌 Williams Obstetrics 26e Full Playlist:
https://www.youtube.com/playlist?list=PL_WILLIAMS_OBSTETRICS_26E

━━━━━━━━━━━━━━━━━━━━━━━━━━━━━━━━━━━━━
⏱️ CHAPTER TIMESTAMPS
00:00 - Chapter 60: Diabetes Mellitus

━━━━━━━━━━━━━━━━━━━━━━━━━━━━━━━━━━━━━
⚕️ CLINICAL & EDUCATIONAL DISCLAIMER
This video and audio narration is intended strictly for medical students, obstetrical residents, physicians, midwives, and healthcare professionals preparing for board examinations (USMLE Step 2 CK, Step 3, MRCOG, Royal College, ABOG, and specialty licensing). Medicine and pharmacology are constantly evolving fields. Clinicians must always verify diagnostic protocols, drug dosages, and contraindications against primary sources and institutional guidelines."
61,12,Medical and Surgical Complications,Endocrine Disorders,Williams Obstetrics (26e) | Ch 61: Endocrine Disorders (Read-Along Audiobook),77,Chapter_61_Endocrine_Disorders.mp4,/Volumes/Kingston/Gynae/videos/Chapter_61_Endocrine_Disorders.mp4,56.47,27,public,"Williams Obstetrics, Williams Obstetrics 26th edition, Chapter 61 Endocrine Disorders, Obstetrics, Gynecology, OBGYN, Medical Audiobook, Read Along Medical Video, USMLE Step 2 CK, USMLE Step 3, MRCOG, ABOG, Maternal Fetal Medicine, High Risk Pregnancy, Medical and Surgical Complications","Williams Obstetrics, 26th Edition
Section 12: Medical and Surgical Complications
Chapter 61: Endocrine Disorders

🎧 Complete 1080p Read-Along Video with synchronized sentence-level subtitles and neural audio narration.
📚 Medical Textbook: Williams Obstetrics (26th Edition, McGraw-Hill)

📌 Williams Obstetrics 26e Full Playlist:
https://www.youtube.com/playlist?list=PL_WILLIAMS_OBSTETRICS_26E

━━━━━━━━━━━━━━━━━━━━━━━━━━━━━━━━━━━━━
⏱️ CHAPTER TIMESTAMPS
00:00 - Chapter 61: Endocrine Disorders

━━━━━━━━━━━━━━━━━━━━━━━━━━━━━━━━━━━━━
⚕️ CLINICAL & EDUCATIONAL DISCLAIMER
This video and audio narration is intended strictly for medical students, obstetrical residents, physicians, midwives, and healthcare professionals preparing for board examinations (USMLE Step 2 CK, Step 3, MRCOG, Royal College, ABOG, and specialty licensing). Medicine and pharmacology are constantly evolving fields. Clinicians must always verify diagnostic protocols, drug dosages, and contraindications against primary sources and institutional guidelines."
62,12,Medical and Surgical Complications,Connective Tissue Disorders,Williams Obstetrics (26e) | Ch 62: Connective Tissue Disorders (Read-Along Audiobook),85,Chapter_62_Connective_Tissue_Disorders.mp4,/Volumes/Kingston/Gynae/videos/Chapter_62_Connective_Tissue_Disorders.mp4,48.52,27,public,"Williams Obstetrics, Williams Obstetrics 26th edition, Chapter 62 Connective Tissue Disorders, Obstetrics, Gynecology, OBGYN, Medical Audiobook, Read Along Medical Video, USMLE Step 2 CK, USMLE Step 3, MRCOG, ABOG, Maternal Fetal Medicine, High Risk Pregnancy, Medical and Surgical Complications","Williams Obstetrics, 26th Edition
Section 12: Medical and Surgical Complications
Chapter 62: Connective Tissue Disorders

🎧 Complete 1080p Read-Along Video with synchronized sentence-level subtitles and neural audio narration.
📚 Medical Textbook: Williams Obstetrics (26th Edition, McGraw-Hill)

📌 Williams Obstetrics 26e Full Playlist:
https://www.youtube.com/playlist?list=PL_WILLIAMS_OBSTETRICS_26E

━━━━━━━━━━━━━━━━━━━━━━━━━━━━━━━━━━━━━
⏱️ CHAPTER TIMESTAMPS
00:00 - Chapter 62: Connective Tissue Disorders

━━━━━━━━━━━━━━━━━━━━━━━━━━━━━━━━━━━━━
⚕️ CLINICAL & EDUCATIONAL DISCLAIMER
This video and audio narration is intended strictly for medical students, obstetrical residents, physicians, midwives, and healthcare professionals preparing for board examinations (USMLE Step 2 CK, Step 3, MRCOG, Royal College, ABOG, and specialty licensing). Medicine and pharmacology are constantly evolving fields. Clinicians must always verify diagnostic protocols, drug dosages, and contraindications against primary sources and institutional guidelines."
63,12,Medical and Surgical Complications,Neurological Disorders,Williams Obstetrics (26e) | Ch 63: Neurological Disorders (Read-Along Audiobook),80,Chapter_63_Neurological_Disorders.mp4,/Volumes/Kingston/Gynae/videos/Chapter_63_Neurological_Disorders.mp4,44.48,27,public,"Williams Obstetrics, Williams Obstetrics 26th edition, Chapter 63 Neurological Disorders, Obstetrics, Gynecology, OBGYN, Medical Audiobook, Read Along Medical Video, USMLE Step 2 CK, USMLE Step 3, MRCOG, ABOG, Maternal Fetal Medicine, High Risk Pregnancy, Medical and Surgical Complications","Williams Obstetrics, 26th Edition
Section 12: Medical and Surgical Complications
Chapter 63: Neurological Disorders

🎧 Complete 1080p Read-Along Video with synchronized sentence-level subtitles and neural audio narration.
📚 Medical Textbook: Williams Obstetrics (26th Edition, McGraw-Hill)

📌 Williams Obstetrics 26e Full Playlist:
https://www.youtube.com/playlist?list=PL_WILLIAMS_OBSTETRICS_26E

━━━━━━━━━━━━━━━━━━━━━━━━━━━━━━━━━━━━━
⏱️ CHAPTER TIMESTAMPS
00:00 - Chapter 63: Neurological Disorders

━━━━━━━━━━━━━━━━━━━━━━━━━━━━━━━━━━━━━
⚕️ CLINICAL & EDUCATIONAL DISCLAIMER
This video and audio narration is intended strictly for medical students, obstetrical residents, physicians, midwives, and healthcare professionals preparing for board examinations (USMLE Step 2 CK, Step 3, MRCOG, Royal College, ABOG, and specialty licensing). Medicine and pharmacology are constantly evolving fields. Clinicians must always verify diagnostic protocols, drug dosages, and contraindications against primary sources and institutional guidelines."
64,12,Medical and Surgical Complications,Psychiatric Disorders,Williams Obstetrics (26e) | Ch 64: Psychiatric Disorders (Read-Along Audiobook),79,Chapter_64_Psychiatric_Disorders.mp4,/Volumes/Kingston/Gynae/videos/Chapter_64_Psychiatric_Disorders.mp4,30.28,27,public,"Williams Obstetrics, Williams Obstetrics 26th edition, Chapter 64 Psychiatric Disorders, Obstetrics, Gynecology, OBGYN, Medical Audiobook, Read Along Medical Video, USMLE Step 2 CK, USMLE Step 3, MRCOG, ABOG, Maternal Fetal Medicine, High Risk Pregnancy, Medical and Surgical Complications","Williams Obstetrics, 26th Edition
Section 12: Medical and Surgical Complications
Chapter 64: Psychiatric Disorders

🎧 Complete 1080p Read-Along Video with synchronized sentence-level subtitles and neural audio narration.
📚 Medical Textbook: Williams Obstetrics (26th Edition, McGraw-Hill)

📌 Williams Obstetrics 26e Full Playlist:
https://www.youtube.com/playlist?list=PL_WILLIAMS_OBSTETRICS_26E

━━━━━━━━━━━━━━━━━━━━━━━━━━━━━━━━━━━━━
⏱️ CHAPTER TIMESTAMPS
00:00 - Chapter 64: Psychiatric Disorders

━━━━━━━━━━━━━━━━━━━━━━━━━━━━━━━━━━━━━
⚕️ CLINICAL & EDUCATIONAL DISCLAIMER
This video and audio narration is intended strictly for medical students, obstetrical residents, physicians, midwives, and healthcare professionals preparing for board examinations (USMLE Step 2 CK, Step 3, MRCOG, Royal College, ABOG, and specialty licensing). Medicine and pharmacology are constantly evolving fields. Clinicians must always verify diagnostic protocols, drug dosages, and contraindications against primary sources and institutional guidelines."
65,12,Medical and Surgical Complications,Dermatological Disorders,Williams Obstetrics (26e) | Ch 65: Dermatological Disorders (Read-Along Audiobook),82,Chapter_65_Dermatological_Disorders.mp4,/Volumes/Kingston/Gynae/videos/Chapter_65_Dermatological_Disorders.mp4,14.7,27,public,"Williams Obstetrics, Williams Obstetrics 26th edition, Chapter 65 Dermatological Disorders, Obstetrics, Gynecology, OBGYN, Medical Audiobook, Read Along Medical Video, USMLE Step 2 CK, USMLE Step 3, MRCOG, ABOG, Maternal Fetal Medicine, High Risk Pregnancy, Medical and Surgical Complications","Williams Obstetrics, 26th Edition
Section 12: Medical and Surgical Complications
Chapter 65: Dermatological Disorders

🎧 Complete 1080p Read-Along Video with synchronized sentence-level subtitles and neural audio narration.
📚 Medical Textbook: Williams Obstetrics (26th Edition, McGraw-Hill)

📌 Williams Obstetrics 26e Full Playlist:
https://www.youtube.com/playlist?list=PL_WILLIAMS_OBSTETRICS_26E

━━━━━━━━━━━━━━━━━━━━━━━━━━━━━━━━━━━━━
⏱️ CHAPTER TIMESTAMPS
00:00 - Chapter 65: Dermatological Disorders

━━━━━━━━━━━━━━━━━━━━━━━━━━━━━━━━━━━━━
⚕️ CLINICAL & EDUCATIONAL DISCLAIMER
This video and audio narration is intended strictly for medical students, obstetrical residents, physicians, midwives, and healthcare professionals preparing for board examinations (USMLE Step 2 CK, Step 3, MRCOG, Royal College, ABOG, and specialty licensing). Medicine and pharmacology are constantly evolving fields. Clinicians must always verify diagnostic protocols, drug dosages, and contraindications against primary sources and institutional guidelines."
66,12,Medical and Surgical Complications,Neoplastic Disorders,Williams Obstetrics (26e) | Ch 66: Neoplastic Disorders (Read-Along Audiobook),78,Chapter_66_Neoplastic_Disorders.mp4,/Volumes/Kingston/Gynae/videos/Chapter_66_Neoplastic_Disorders.mp4,55.31,27,public,"Williams Obstetrics, Williams Obstetrics 26th edition, Chapter 66 Neoplastic Disorders, Obstetrics, Gynecology, OBGYN, Medical Audiobook, Read Along Medical Video, USMLE Step 2 CK, USMLE Step 3, MRCOG, ABOG, Maternal Fetal Medicine, High Risk Pregnancy, Medical and Surgical Complications","Williams Obstetrics, 26th Edition
Section 12: Medical and Surgical Complications
Chapter 66: Neoplastic Disorders

🎧 Complete 1080p Read-Along Video with synchronized sentence-level subtitles and neural audio narration.
📚 Medical Textbook: Williams Obstetrics (26th Edition, McGraw-Hill)

📌 Williams Obstetrics 26e Full Playlist:
https://www.youtube.com/playlist?list=PL_WILLIAMS_OBSTETRICS_26E

━━━━━━━━━━━━━━━━━━━━━━━━━━━━━━━━━━━━━
⏱️ CHAPTER TIMESTAMPS
00:00 - Chapter 66: Neoplastic Disorders

━━━━━━━━━━━━━━━━━━━━━━━━━━━━━━━━━━━━━
⚕️ CLINICAL & EDUCATIONAL DISCLAIMER
This video and audio narration is intended strictly for medical students, obstetrical residents, physicians, midwives, and healthcare professionals preparing for board examinations (USMLE Step 2 CK, Step 3, MRCOG, Royal College, ABOG, and specialty licensing). Medicine and pharmacology are constantly evolving fields. Clinicians must always verify diagnostic protocols, drug dosages, and contraindications against primary sources and institutional guidelines."
67,12,Medical and Surgical Complications,Infectious Diseases,Williams Obstetrics (26e) | Ch 67: Infectious Diseases (Read-Along Audiobook),77,Chapter_67_Infectious_Diseases.mp4,/Volumes/Kingston/Gynae/videos/Chapter_67_Infectious_Diseases.mp4,65.6,27,public,"Williams Obstetrics, Williams Obstetrics 26th edition, Chapter 67 Infectious Diseases, Obstetrics, Gynecology, OBGYN, Medical Audiobook, Read Along Medical Video, USMLE Step 2 CK, USMLE Step 3, MRCOG, ABOG, Maternal Fetal Medicine, High Risk Pregnancy, Medical and Surgical Complications","Williams Obstetrics, 26th Edition
Section 12: Medical and Surgical Complications
Chapter 67: Infectious Diseases

🎧 Complete 1080p Read-Along Video with synchronized sentence-level subtitles and neural audio narration.
📚 Medical Textbook: Williams Obstetrics (26th Edition, McGraw-Hill)

📌 Williams Obstetrics 26e Full Playlist:
https://www.youtube.com/playlist?list=PL_WILLIAMS_OBSTETRICS_26E

━━━━━━━━━━━━━━━━━━━━━━━━━━━━━━━━━━━━━
⏱️ CHAPTER TIMESTAMPS
00:00 - Chapter 67: Infectious Diseases

━━━━━━━━━━━━━━━━━━━━━━━━━━━━━━━━━━━━━
⚕️ CLINICAL & EDUCATIONAL DISCLAIMER
This video and audio narration is intended strictly for medical students, obstetrical residents, physicians, midwives, and healthcare professionals preparing for board examinations (USMLE Step 2 CK, Step 3, MRCOG, Royal College, ABOG, and specialty licensing). Medicine and pharmacology are constantly evolving fields. Clinicians must always verify diagnostic protocols, drug dosages, and contraindications against primary sources and institutional guidelines."
68,12,Medical and Surgical Complications,Sexually Transmitted Infections,Williams Obstetrics (26e) | Ch 68: Sexually Transmitted Infections (Read-Along Audiobook),89,Chapter_68_Sexually_Transmitted_Infections.mp4,/Volumes/Kingston/Gynae/videos/Chapter_68_Sexually_Transmitted_Infections.mp4,55.01,27,public,"Williams Obstetrics, Williams Obstetrics 26th edition, Chapter 68 Sexually Transmitted Infections, Obstetrics, Gynecology, OBGYN, Medical Audiobook, Read Along Medical Video, USMLE Step 2 CK, USMLE Step 3, MRCOG, ABOG, Maternal Fetal Medicine, High Risk Pregnancy, Medical and Surgical Complications","Williams Obstetrics, 26th Edition
Section 12: Medical and Surgical Complications
Chapter 68: Sexually Transmitted Infections

🎧 Complete 1080p Read-Along Video with synchronized sentence-level subtitles and neural audio narration.
📚 Medical Textbook: Williams Obstetrics (26th Edition, McGraw-Hill)

📌 Williams Obstetrics 26e Full Playlist:
https://www.youtube.com/playlist?list=PL_WILLIAMS_OBSTETRICS_26E

━━━━━━━━━━━━━━━━━━━━━━━━━━━━━━━━━━━━━
⏱️ CHAPTER TIMESTAMPS
00:00 - Chapter 68: Sexually Transmitted Infections

━━━━━━━━━━━━━━━━━━━━━━━━━━━━━━━━━━━━━
⚕️ CLINICAL & EDUCATIONAL DISCLAIMER
This video and audio narration is intended strictly for medical students, obstetrical residents, physicians, midwives, and healthcare professionals preparing for board examinations (USMLE Step 2 CK, Step 3, MRCOG, Royal College, ABOG, and specialty licensing). Medicine and pharmacology are constantly evolving fields. Clinicians must always verify diagnostic protocols, drug dosages, and contraindications against primary sources and institutional guidelines."
